station_complex,week_start,total_weekly_ridership
1 Av (L),2024-01-01,96202.0
1 Av (L),2024-01-08,110152.0
1 Av (L),2024-01-15,105099.0
1 Av (L),2024-01-22,111187.0
1 Av (L),2024-01-29,49948.0
103 St (1),2024-01-01,30052.0
103 St (1),2024-01-08,50501.0
103 St (1),2024-01-15,50582.0
103 St (1),2024-01-22,53799.0
103 St (1),2024-01-29,25303.0
103 St (6),2024-01-01,42208.0
103 St (6),2024-01-08,48656.0
103 St (6),2024-01-15,42916.0
103 St (6),2024-01-22,49029.0
103 St (6),2024-01-29,24431.0
"103 St (C,B)",2024-01-01,22302.0
"103 St (C,B)",2024-01-08,19035.0
"103 St (C,B)",2024-01-15,17518.0
"103 St (C,B)",2024-01-22,19725.0
"103 St (C,B)",2024-01-29,8937.0
103 St-Corona Plaza (7),2024-01-01,109782.0
103 St-Corona Plaza (7),2024-01-08,124190.0
103 St-Corona Plaza (7),2024-01-15,112724.0
103 St-Corona Plaza (7),2024-01-22,117837.0
103 St-Corona Plaza (7),2024-01-29,61141.0
104 St (A),2024-01-01,5907.0
104 St (A),2024-01-08,6830.0
104 St (A),2024-01-15,5885.0
104 St (A),2024-01-22,6826.0
104 St (A),2024-01-29,3776.0
"104 St (J,Z)",2024-01-01,11016.0
"104 St (J,Z)",2024-01-08,10705.0
"104 St (J,Z)",2024-01-15,9387.0
"104 St (J,Z)",2024-01-22,11941.0
"104 St (J,Z)",2024-01-29,6209.0
110 St (6),2024-01-01,33411.0
110 St (6),2024-01-08,37716.0
110 St (6),2024-01-15,34111.0
110 St (6),2024-01-22,39499.0
110 St (6),2024-01-29,19314.0
111 St (7),2024-01-01,22949.0
111 St (7),2024-01-08,25155.0
111 St (7),2024-01-15,23046.0
111 St (7),2024-01-22,23988.0
111 St (7),2024-01-29,11197.0
111 St (A),2024-01-01,7407.0
111 St (A),2024-01-08,8991.0
111 St (A),2024-01-15,7832.0
111 St (A),2024-01-22,8961.0
111 St (A),2024-01-29,5014.0
111 St (J),2024-01-01,7891.0
111 St (J),2024-01-08,8040.0
111 St (J),2024-01-15,7036.0
111 St (J),2024-01-22,8980.0
111 St (J),2024-01-29,4533.0
"116 St (2,3)",2024-01-01,23227.0
"116 St (2,3)",2024-01-08,35244.0
"116 St (2,3)",2024-01-15,32540.0
"116 St (2,3)",2024-01-22,36507.0
"116 St (2,3)",2024-01-29,17202.0
116 St (6),2024-01-01,42850.0
116 St (6),2024-01-08,47990.0
116 St (6),2024-01-15,42946.0
116 St (6),2024-01-22,47083.0
116 St (6),2024-01-29,26068.0
"116 St (C,B)",2024-01-01,27320.0
"116 St (C,B)",2024-01-08,28357.0
"116 St (C,B)",2024-01-15,26545.0
"116 St (C,B)",2024-01-22,27942.0
"116 St (C,B)",2024-01-29,13180.0
116 St-Columbia University (1),2024-01-01,20128.0
116 St-Columbia University (1),2024-01-08,45463.0
116 St-Columbia University (1),2024-01-15,66961.0
116 St-Columbia University (1),2024-01-22,76103.0
116 St-Columbia University (1),2024-01-29,38152.0
"121 St (J,Z)",2024-01-01,8490.0
"121 St (J,Z)",2024-01-08,7995.0
"121 St (J,Z)",2024-01-15,6798.0
"121 St (J,Z)",2024-01-22,9104.0
"121 St (J,Z)",2024-01-29,4825.0
125 St (1),2024-01-01,17632.0
125 St (1),2024-01-08,32786.0
125 St (1),2024-01-15,35245.0
125 St (1),2024-01-22,40703.0
125 St (1),2024-01-29,20334.0
"125 St (2,3)",2024-01-01,29978.0
"125 St (2,3)",2024-01-08,45658.0
"125 St (2,3)",2024-01-15,42015.0
"125 St (2,3)",2024-01-22,48560.0
"125 St (2,3)",2024-01-29,24124.0
"125 St (4,5,6)",2024-01-01,80909.0
"125 St (4,5,6)",2024-01-08,90873.0
"125 St (4,5,6)",2024-01-15,81264.0
"125 St (4,5,6)",2024-01-22,91179.0
"125 St (4,5,6)",2024-01-29,46123.0
"125 St (A,C,B,D)",2024-01-01,100960.0
"125 St (A,C,B,D)",2024-01-08,104463.0
"125 St (A,C,B,D)",2024-01-15,94796.0
"125 St (A,C,B,D)",2024-01-22,107937.0
"125 St (A,C,B,D)",2024-01-29,54182.0
"135 St (2,3)",2024-01-01,25642.0
"135 St (2,3)",2024-01-08,39930.0
"135 St (2,3)",2024-01-15,36778.0
"135 St (2,3)",2024-01-22,40805.0
"135 St (2,3)",2024-01-29,20048.0
"135 St (C,B)",2024-01-01,21562.0
"135 St (C,B)",2024-01-08,21069.0
"135 St (C,B)",2024-01-15,18958.0
"135 St (C,B)",2024-01-22,20412.0
"135 St (C,B)",2024-01-29,11883.0
137 St-City College (1),2024-01-01,31159.0
137 St-City College (1),2024-01-08,44908.0
137 St-City College (1),2024-01-15,42670.0
137 St-City College (1),2024-01-22,48653.0
137 St-City College (1),2024-01-29,27716.0
"138 St-Grand Concourse (4,5)",2024-01-01,12791.0
"138 St-Grand Concourse (4,5)",2024-01-08,14080.0
"138 St-Grand Concourse (4,5)",2024-01-15,13020.0
"138 St-Grand Concourse (4,5)",2024-01-22,13649.0
"138 St-Grand Concourse (4,5)",2024-01-29,7118.0
"14 St (A,C,E)/8 Av (L)",2024-01-01,199350.0
"14 St (A,C,E)/8 Av (L)",2024-01-08,212081.0
"14 St (A,C,E)/8 Av (L)",2024-01-15,190431.0
"14 St (A,C,E)/8 Av (L)",2024-01-22,200322.0
"14 St (A,C,E)/8 Av (L)",2024-01-29,94745.0
"14 St (F,M,1,2,3)/6 Av (L)",2024-01-01,148353.0
"14 St (F,M,1,2,3)/6 Av (L)",2024-01-08,184224.0
"14 St (F,M,1,2,3)/6 Av (L)",2024-01-15,179154.0
"14 St (F,M,1,2,3)/6 Av (L)",2024-01-22,191600.0
"14 St (F,M,1,2,3)/6 Av (L)",2024-01-29,90518.0
"14 St-Union Sq (L,N,Q,R,W,4,5,6)",2024-01-01,338123.0
"14 St-Union Sq (L,N,Q,R,W,4,5,6)",2024-01-08,388163.0
"14 St-Union Sq (L,N,Q,R,W,4,5,6)",2024-01-15,356572.0
"14 St-Union Sq (L,N,Q,R,W,4,5,6)",2024-01-22,423259.0
"14 St-Union Sq (L,N,Q,R,W,4,5,6)",2024-01-29,203340.0
145 St (1),2024-01-01,25234.0
145 St (1),2024-01-08,37785.0
145 St (1),2024-01-15,36432.0
145 St (1),2024-01-22,39074.0
145 St (1),2024-01-29,18030.0
145 St (3),2024-01-01,6691.0
145 St (3),2024-01-08,10987.0
145 St (3),2024-01-15,10039.0
145 St (3),2024-01-22,11380.0
145 St (3),2024-01-29,5769.0
"145 St (A,C,B,D)",2024-01-01,87635.0
"145 St (A,C,B,D)",2024-01-08,91477.0
"145 St (A,C,B,D)",2024-01-15,81404.0
"145 St (A,C,B,D)",2024-01-22,92068.0
"145 St (A,C,B,D)",2024-01-29,49228.0
"149 St-Grand Concourse (2,4,5)",2024-01-01,31248.0
"149 St-Grand Concourse (2,4,5)",2024-01-08,35619.0
"149 St-Grand Concourse (2,4,5)",2024-01-15,32437.0
"149 St-Grand Concourse (2,4,5)",2024-01-22,37088.0
"149 St-Grand Concourse (2,4,5)",2024-01-29,20461.0
"15 St-Prospect Park (F,G)",2024-01-01,23093.0
"15 St-Prospect Park (F,G)",2024-01-08,27062.0
"15 St-Prospect Park (F,G)",2024-01-15,26735.0
"15 St-Prospect Park (F,G)",2024-01-22,25815.0
"15 St-Prospect Park (F,G)",2024-01-29,13278.0
"155 St (B,D)",2024-01-01,9626.0
"155 St (B,D)",2024-01-08,10555.0
"155 St (B,D)",2024-01-15,9154.0
"155 St (B,D)",2024-01-22,10714.0
"155 St (B,D)",2024-01-29,5367.0
155 St (C),2024-01-01,11561.0
155 St (C),2024-01-08,11316.0
155 St (C),2024-01-15,10416.0
155 St (C),2024-01-22,10558.0
155 St (C),2024-01-29,5054.0
157 St (1),2024-01-01,30137.0
157 St (1),2024-01-08,41827.0
157 St (1),2024-01-15,39223.0
157 St (1),2024-01-22,42711.0
157 St (1),2024-01-29,20784.0
"161 St-Yankee Stadium (B,D,4)",2024-01-01,69682.0
"161 St-Yankee Stadium (B,D,4)",2024-01-08,79808.0
"161 St-Yankee Stadium (B,D,4)",2024-01-15,70621.0
"161 St-Yankee Stadium (B,D,4)",2024-01-22,77194.0
"161 St-Yankee Stadium (B,D,4)",2024-01-29,39771.0
163 St-Amsterdam Av (C),2024-01-01,16053.0
163 St-Amsterdam Av (C),2024-01-08,17012.0
163 St-Amsterdam Av (C),2024-01-15,15731.0
163 St-Amsterdam Av (C),2024-01-22,15994.0
163 St-Amsterdam Av (C),2024-01-29,7797.0
167 St (4),2024-01-01,27895.0
167 St (4),2024-01-08,32616.0
167 St (4),2024-01-15,30362.0
167 St (4),2024-01-22,30236.0
167 St (4),2024-01-29,15062.0
"167 St (B,D)",2024-01-01,25016.0
"167 St (B,D)",2024-01-08,23796.0
"167 St (B,D)",2024-01-15,21086.0
"167 St (B,D)",2024-01-22,28283.0
"167 St (B,D)",2024-01-29,14409.0
"168 St (A,C,1)",2024-01-01,81797.0
"168 St (A,C,1)",2024-01-08,100748.0
"168 St (A,C,1)",2024-01-15,94876.0
"168 St (A,C,1)",2024-01-22,104587.0
"168 St (A,C,1)",2024-01-29,55220.0
169 St (F),2024-01-01,27880.0
169 St (F),2024-01-08,31586.0
169 St (F),2024-01-15,28676.0
169 St (F),2024-01-22,30750.0
169 St (F),2024-01-29,16312.0
170 St (4),2024-01-01,20655.0
170 St (4),2024-01-08,26005.0
170 St (4),2024-01-15,22375.0
170 St (4),2024-01-22,23375.0
170 St (4),2024-01-29,11932.0
"170 St (B,D)",2024-01-01,16852.0
"170 St (B,D)",2024-01-08,16240.0
"170 St (B,D)",2024-01-15,14779.0
"170 St (B,D)",2024-01-22,19411.0
"170 St (B,D)",2024-01-29,9826.0
"174 St (2,5)",2024-01-01,17226.0
"174 St (2,5)",2024-01-08,19740.0
"174 St (2,5)",2024-01-15,18140.0
"174 St (2,5)",2024-01-22,19105.0
"174 St (2,5)",2024-01-29,10091.0
"174-175 Sts (B,D)",2024-01-01,13203.0
"174-175 Sts (B,D)",2024-01-08,13485.0
"174-175 Sts (B,D)",2024-01-15,11559.0
"174-175 Sts (B,D)",2024-01-22,15043.0
"174-175 Sts (B,D)",2024-01-29,7808.0
175 St (A),2024-01-01,36855.0
175 St (A),2024-01-08,42344.0
175 St (A),2024-01-15,39093.0
175 St (A),2024-01-22,42832.0
175 St (A),2024-01-29,21427.0
176 St (4),2024-01-01,16141.0
176 St (4),2024-01-08,19368.0
176 St (4),2024-01-15,16946.0
176 St (4),2024-01-22,18435.0
176 St (4),2024-01-29,9356.0
18 Av (D),2024-01-01,23329.0
18 Av (D),2024-01-08,26011.0
18 Av (D),2024-01-15,23739.0
18 Av (D),2024-01-22,25304.0
18 Av (D),2024-01-29,13090.0
18 Av (F),2024-01-01,13380.0
18 Av (F),2024-01-08,15463.0
18 Av (F),2024-01-15,14759.0
18 Av (F),2024-01-22,15663.0
18 Av (F),2024-01-29,7844.0
18 Av (N),2024-01-01,19420.0
18 Av (N),2024-01-08,21609.0
18 Av (N),2024-01-15,20095.0
18 Av (N),2024-01-22,21373.0
18 Av (N),2024-01-29,10692.0
18 St (1),2024-01-01,21062.0
18 St (1),2024-01-08,33520.0
18 St (1),2024-01-15,31770.0
18 St (1),2024-01-22,33829.0
18 St (1),2024-01-29,17216.0
181 St (1),2024-01-01,31721.0
181 St (1),2024-01-08,39258.0
181 St (1),2024-01-15,36754.0
181 St (1),2024-01-22,40109.0
181 St (1),2024-01-29,20370.0
181 St (A),2024-01-01,34390.0
181 St (A),2024-01-08,38792.0
181 St (A),2024-01-15,36628.0
181 St (A),2024-01-22,39568.0
181 St (A),2024-01-29,19202.0
"182-183 Sts (B,D)",2024-01-01,16675.0
"182-183 Sts (B,D)",2024-01-08,14864.0
"182-183 Sts (B,D)",2024-01-15,12677.0
"182-183 Sts (B,D)",2024-01-22,16534.0
"182-183 Sts (B,D)",2024-01-29,8280.0
183 St (4),2024-01-01,18317.0
183 St (4),2024-01-08,22272.0
183 St (4),2024-01-15,20064.0
183 St (4),2024-01-22,20193.0
183 St (4),2024-01-29,10450.0
190 St (A),2024-01-01,16797.0
190 St (A),2024-01-08,18832.0
190 St (A),2024-01-15,17207.0
190 St (A),2024-01-22,18551.0
190 St (A),2024-01-29,8964.0
191 St (1),2024-01-01,23500.0
191 St (1),2024-01-08,28721.0
191 St (1),2024-01-15,27258.0
191 St (1),2024-01-22,29212.0
191 St (1),2024-01-29,14798.0
2 Av (F),2024-01-01,71140.0
2 Av (F),2024-01-08,74637.0
2 Av (F),2024-01-15,73735.0
2 Av (F),2024-01-22,77158.0
2 Av (F),2024-01-29,33226.0
20 Av (D),2024-01-01,19307.0
20 Av (D),2024-01-08,21696.0
20 Av (D),2024-01-15,19651.0
20 Av (D),2024-01-22,21395.0
20 Av (D),2024-01-29,10635.0
20 Av (N),2024-01-01,16280.0
20 Av (N),2024-01-08,18528.0
20 Av (N),2024-01-15,16632.0
20 Av (N),2024-01-22,17688.0
20 Av (N),2024-01-29,9550.0
207 St (1),2024-01-01,19196.0
207 St (1),2024-01-08,24937.0
207 St (1),2024-01-15,22406.0
207 St (1),2024-01-22,24962.0
207 St (1),2024-01-29,12442.0
21 St (G),2024-01-01,8326.0
21 St (G),2024-01-08,9596.0
21 St (G),2024-01-15,9253.0
21 St (G),2024-01-22,9942.0
21 St (G),2024-01-29,4005.0
21 St-Queensbridge (F),2024-01-01,6936.0
21 St-Queensbridge (F),2024-01-08,9134.0
21 St-Queensbridge (F),2024-01-15,7833.0
21 St-Queensbridge (F),2024-01-22,8636.0
21 St-Queensbridge (F),2024-01-29,3918.0
215 St (1),2024-01-01,6454.0
215 St (1),2024-01-08,9300.0
215 St (1),2024-01-15,8670.0
215 St (1),2024-01-22,10181.0
215 St (1),2024-01-29,5429.0
"219 St (2,5)",2024-01-01,7778.0
"219 St (2,5)",2024-01-08,8752.0
"219 St (2,5)",2024-01-15,7996.0
"219 St (2,5)",2024-01-22,7259.0
"219 St (2,5)",2024-01-29,4299.0
"225 St (2,5)",2024-01-01,9444.0
"225 St (2,5)",2024-01-08,11114.0
"225 St (2,5)",2024-01-15,9560.0
"225 St (2,5)",2024-01-22,8918.0
"225 St (2,5)",2024-01-29,5336.0
23 St (1),2024-01-01,39200.0
23 St (1),2024-01-08,57881.0
23 St (1),2024-01-15,54054.0
23 St (1),2024-01-22,59417.0
23 St (1),2024-01-29,29132.0
23 St (6),2024-01-01,76698.0
23 St (6),2024-01-08,90994.0
23 St (6),2024-01-15,85644.0
23 St (6),2024-01-22,103375.0
23 St (6),2024-01-29,65277.0
"23 St (C,E)",2024-01-01,83615.0
"23 St (C,E)",2024-01-08,91323.0
"23 St (C,E)",2024-01-15,85216.0
"23 St (C,E)",2024-01-22,93321.0
"23 St (C,E)",2024-01-29,45059.0
"23 St (F,M)",2024-01-01,87709.0
"23 St (F,M)",2024-01-08,99715.0
"23 St (F,M)",2024-01-15,94352.0
"23 St (F,M)",2024-01-22,104325.0
"23 St (F,M)",2024-01-29,54482.0
"23 St (R,W)",2024-01-01,73042.0
"23 St (R,W)",2024-01-08,78808.0
"23 St (R,W)",2024-01-15,74895.0
"23 St (R,W)",2024-01-22,82570.0
"23 St (R,W)",2024-01-29,41099.0
231 St (1),2024-01-01,27489.0
231 St (1),2024-01-08,34609.0
231 St (1),2024-01-15,31100.0
231 St (1),2024-01-22,34965.0
231 St (1),2024-01-29,17984.0
"233 St (2,5)",2024-01-01,13128.0
"233 St (2,5)",2024-01-08,15030.0
"233 St (2,5)",2024-01-15,13272.0
"233 St (2,5)",2024-01-22,12721.0
"233 St (2,5)",2024-01-29,7430.0
238 St (1),2024-01-01,13817.0
238 St (1),2024-01-08,17830.0
238 St (1),2024-01-15,15692.0
238 St (1),2024-01-22,17933.0
238 St (1),2024-01-29,9013.0
25 Av (D),2024-01-01,15951.0
25 Av (D),2024-01-08,18462.0
25 Av (D),2024-01-15,16827.0
25 Av (D),2024-01-22,17875.0
25 Av (D),2024-01-29,9287.0
25 St (R),2024-01-01,13104.0
25 St (R),2024-01-08,15427.0
25 St (R),2024-01-15,14513.0
25 St (R),2024-01-22,15561.0
25 St (R),2024-01-29,7574.0
28 St (1),2024-01-01,36236.0
28 St (1),2024-01-08,49575.0
28 St (1),2024-01-15,46656.0
28 St (1),2024-01-22,53579.0
28 St (1),2024-01-29,29619.0
28 St (6),2024-01-01,71022.0
28 St (6),2024-01-08,83720.0
28 St (6),2024-01-15,79926.0
28 St (6),2024-01-22,89526.0
28 St (6),2024-01-29,44933.0
"28 St (R,W)",2024-01-01,49584.0
"28 St (R,W)",2024-01-08,52110.0
"28 St (R,W)",2024-01-15,49830.0
"28 St (R,W)",2024-01-22,54612.0
"28 St (R,W)",2024-01-29,24699.0
3 Av (L),2024-01-01,28560.0
3 Av (L),2024-01-08,32335.0
3 Av (L),2024-01-15,30946.0
3 Av (L),2024-01-22,33843.0
3 Av (L),2024-01-29,14258.0
3 Av-138 St (6),2024-01-01,24647.0
3 Av-138 St (6),2024-01-08,29821.0
3 Av-138 St (6),2024-01-15,28401.0
3 Av-138 St (6),2024-01-22,30150.0
3 Av-138 St (6),2024-01-29,14763.0
"3 Av-149 St (2,5)",2024-01-01,53532.0
"3 Av-149 St (2,5)",2024-01-08,63526.0
"3 Av-149 St (2,5)",2024-01-15,56470.0
"3 Av-149 St (2,5)",2024-01-22,61943.0
"3 Av-149 St (2,5)",2024-01-29,31527.0
"30 Av (N,W)",2024-01-01,44590.0
"30 Av (N,W)",2024-01-08,52392.0
"30 Av (N,W)",2024-01-15,47748.0
"30 Av (N,W)",2024-01-22,52893.0
"30 Av (N,W)",2024-01-29,30012.0
33 St (6),2024-01-01,98595.0
33 St (6),2024-01-08,116750.0
33 St (6),2024-01-15,107763.0
33 St (6),2024-01-22,121096.0
33 St (6),2024-01-29,60860.0
33 St-Rawson St (7),2024-01-01,24300.0
33 St-Rawson St (7),2024-01-08,30667.0
33 St-Rawson St (7),2024-01-15,27207.0
33 St-Rawson St (7),2024-01-22,29423.0
33 St-Rawson St (7),2024-01-29,19462.0
"34 St-Herald Sq (B,D,F,M,N,Q,R,W)",2024-01-01,419553.0
"34 St-Herald Sq (B,D,F,M,N,Q,R,W)",2024-01-08,423517.0
"34 St-Herald Sq (B,D,F,M,N,Q,R,W)",2024-01-15,392180.0
"34 St-Herald Sq (B,D,F,M,N,Q,R,W)",2024-01-22,436695.0
"34 St-Herald Sq (B,D,F,M,N,Q,R,W)",2024-01-29,210284.0
34 St-Hudson Yards (7),2024-01-01,88534.0
34 St-Hudson Yards (7),2024-01-08,86444.0
34 St-Hudson Yards (7),2024-01-15,80851.0
34 St-Hudson Yards (7),2024-01-22,84199.0
34 St-Hudson Yards (7),2024-01-29,51490.0
"34 St-Penn Station (1,2,3)",2024-01-01,230169.0
"34 St-Penn Station (1,2,3)",2024-01-08,275953.0
"34 St-Penn Station (1,2,3)",2024-01-15,260549.0
"34 St-Penn Station (1,2,3)",2024-01-22,294414.0
"34 St-Penn Station (1,2,3)",2024-01-29,148508.0
"34 St-Penn Station (A,C,E)",2024-01-01,341532.0
"34 St-Penn Station (A,C,E)",2024-01-08,336806.0
"34 St-Penn Station (A,C,E)",2024-01-15,302453.0
"34 St-Penn Station (A,C,E)",2024-01-22,340688.0
"34 St-Penn Station (A,C,E)",2024-01-29,162959.0
"36 Av (N,W)",2024-01-01,22532.0
"36 Av (N,W)",2024-01-08,26049.0
"36 Av (N,W)",2024-01-15,23578.0
"36 Av (N,W)",2024-01-22,24917.0
"36 Av (N,W)",2024-01-29,14283.0
"36 St (D,N,R)",2024-01-01,56467.0
"36 St (D,N,R)",2024-01-08,67083.0
"36 St (D,N,R)",2024-01-15,62048.0
"36 St (D,N,R)",2024-01-22,67833.0
"36 St (D,N,R)",2024-01-29,33180.0
"36 St (M,R)",2024-01-01,14953.0
"36 St (M,R)",2024-01-08,18288.0
"36 St (M,R)",2024-01-15,15843.0
"36 St (M,R)",2024-01-22,17877.0
"36 St (M,R)",2024-01-29,7939.0
"39 Av-Dutch Kills (N,W)",2024-01-01,16514.0
"39 Av-Dutch Kills (N,W)",2024-01-08,18597.0
"39 Av-Dutch Kills (N,W)",2024-01-15,16163.0
"39 Av-Dutch Kills (N,W)",2024-01-22,17291.0
"39 Av-Dutch Kills (N,W)",2024-01-29,7900.0
"4 Av (F,G)/9 St (R)",2024-01-01,47284.0
"4 Av (F,G)/9 St (R)",2024-01-08,55502.0
"4 Av (F,G)/9 St (R)",2024-01-15,51979.0
"4 Av (F,G)/9 St (R)",2024-01-22,55388.0
"4 Av (F,G)/9 St (R)",2024-01-29,26802.0
40 St-Lowery St (7),2024-01-01,29719.0
40 St-Lowery St (7),2024-01-08,33256.0
40 St-Lowery St (7),2024-01-15,31850.0
40 St-Lowery St (7),2024-01-22,34237.0
40 St-Lowery St (7),2024-01-29,21235.0
45 St (R),2024-01-01,29690.0
45 St (R),2024-01-08,33985.0
45 St (R),2024-01-15,32167.0
45 St (R),2024-01-22,33305.0
45 St (R),2024-01-29,16604.0
"46 St (M,R)",2024-01-01,28553.0
"46 St (M,R)",2024-01-08,32828.0
"46 St (M,R)",2024-01-15,30304.0
"46 St (M,R)",2024-01-22,33295.0
"46 St (M,R)",2024-01-29,16025.0
46 St-Bliss St (7),2024-01-01,38834.0
46 St-Bliss St (7),2024-01-08,41583.0
46 St-Bliss St (7),2024-01-15,40423.0
46 St-Bliss St (7),2024-01-22,44032.0
46 St-Bliss St (7),2024-01-29,26546.0
"47-50 Sts-Rockefeller Ctr (B,D,F,M)",2024-01-01,209877.0
"47-50 Sts-Rockefeller Ctr (B,D,F,M)",2024-01-08,207452.0
"47-50 Sts-Rockefeller Ctr (B,D,F,M)",2024-01-15,187495.0
"47-50 Sts-Rockefeller Ctr (B,D,F,M)",2024-01-22,203805.0
"47-50 Sts-Rockefeller Ctr (B,D,F,M)",2024-01-29,111413.0
"49 St (N,R,W)",2024-01-01,117228.0
"49 St (N,R,W)",2024-01-08,109198.0
"49 St (N,R,W)",2024-01-15,96274.0
"49 St (N,R,W)",2024-01-22,104991.0
"49 St (N,R,W)",2024-01-29,47615.0
"5 Av/53 St (E,M)",2024-01-01,101205.0
"5 Av/53 St (E,M)",2024-01-08,106682.0
"5 Av/53 St (E,M)",2024-01-15,95703.0
"5 Av/53 St (E,M)",2024-01-22,106838.0
"5 Av/53 St (E,M)",2024-01-29,58253.0
"5 Av/59 St (N,R,W)",2024-01-01,64950.0
"5 Av/59 St (N,R,W)",2024-01-08,61455.0
"5 Av/59 St (N,R,W)",2024-01-15,57598.0
"5 Av/59 St (N,R,W)",2024-01-22,58617.0
"5 Av/59 St (N,R,W)",2024-01-29,30566.0
50 St (1),2024-01-01,64035.0
50 St (1),2024-01-08,86919.0
50 St (1),2024-01-15,81183.0
50 St (1),2024-01-22,96533.0
50 St (1),2024-01-29,51434.0
"50 St (C,E)",2024-01-01,113227.0
"50 St (C,E)",2024-01-08,107850.0
"50 St (C,E)",2024-01-15,97787.0
"50 St (C,E)",2024-01-22,98604.0
"50 St (C,E)",2024-01-29,42033.0
50 St (D),2024-01-01,13248.0
50 St (D),2024-01-08,14744.0
50 St (D),2024-01-15,13900.0
50 St (D),2024-01-22,14357.0
50 St (D),2024-01-29,7741.0
52 St (7),2024-01-01,19512.0
52 St (7),2024-01-08,21866.0
52 St (7),2024-01-15,19538.0
52 St (7),2024-01-22,21601.0
52 St (7),2024-01-29,13903.0
53 St (R),2024-01-01,31697.0
53 St (R),2024-01-08,36790.0
53 St (R),2024-01-15,34962.0
53 St (R),2024-01-22,35721.0
53 St (R),2024-01-29,18052.0
55 St (D),2024-01-01,7499.0
55 St (D),2024-01-08,8365.0
55 St (D),2024-01-15,7720.0
55 St (D),2024-01-22,8050.0
55 St (D),2024-01-29,4283.0
57 St (F),2024-01-01,18182.0
57 St (F),2024-01-08,20283.0
57 St (F),2024-01-15,18574.0
57 St (F),2024-01-22,20240.0
57 St (F),2024-01-29,12306.0
"57 St-7 Av (N,Q,R,W)",2024-01-01,137640.0
"57 St-7 Av (N,Q,R,W)",2024-01-08,147700.0
"57 St-7 Av (N,Q,R,W)",2024-01-15,138070.0
"57 St-7 Av (N,Q,R,W)",2024-01-22,154481.0
"57 St-7 Av (N,Q,R,W)",2024-01-29,78049.0
"59 St (N,R)",2024-01-01,46950.0
"59 St (N,R)",2024-01-08,53352.0
"59 St (N,R)",2024-01-15,47832.0
"59 St (N,R)",2024-01-22,52024.0
"59 St (N,R)",2024-01-29,25914.0
"59 St-Columbus Circle (A,B,C,D,1)",2024-01-01,265780.0
"59 St-Columbus Circle (A,B,C,D,1)",2024-01-08,280178.0
"59 St-Columbus Circle (A,B,C,D,1)",2024-01-15,263274.0
"59 St-Columbus Circle (A,B,C,D,1)",2024-01-22,300828.0
"59 St-Columbus Circle (A,B,C,D,1)",2024-01-29,155530.0
61 St-Woodside (7),2024-01-01,53462.0
61 St-Woodside (7),2024-01-08,57583.0
61 St-Woodside (7),2024-01-15,53632.0
61 St-Woodside (7),2024-01-22,58989.0
61 St-Woodside (7),2024-01-29,35837.0
"63 Dr-Rego Park (M,R)",2024-01-01,48079.0
"63 Dr-Rego Park (M,R)",2024-01-08,56418.0
"63 Dr-Rego Park (M,R)",2024-01-15,50355.0
"63 Dr-Rego Park (M,R)",2024-01-22,55697.0
"63 Dr-Rego Park (M,R)",2024-01-29,28736.0
"65 St (M,R)",2024-01-01,13643.0
"65 St (M,R)",2024-01-08,16512.0
"65 St (M,R)",2024-01-15,14738.0
"65 St (M,R)",2024-01-22,15987.0
"65 St (M,R)",2024-01-29,6839.0
66 St-Lincoln Center (1),2024-01-01,46593.0
66 St-Lincoln Center (1),2024-01-08,78661.0
66 St-Lincoln Center (1),2024-01-15,76152.0
66 St-Lincoln Center (1),2024-01-22,92216.0
66 St-Lincoln Center (1),2024-01-29,45075.0
"67 Av (M,R)",2024-01-01,27888.0
"67 Av (M,R)",2024-01-08,32632.0
"67 Av (M,R)",2024-01-15,29774.0
"67 Av (M,R)",2024-01-22,32027.0
"67 Av (M,R)",2024-01-29,17263.0
68 St-Hunter College (6),2024-01-01,73887.0
68 St-Hunter College (6),2024-01-08,90277.0
68 St-Hunter College (6),2024-01-15,83329.0
68 St-Hunter College (6),2024-01-22,108611.0
68 St-Hunter College (6),2024-01-29,72019.0
69 St (7),2024-01-01,19018.0
69 St (7),2024-01-08,20460.0
69 St (7),2024-01-15,19449.0
69 St (7),2024-01-22,20735.0
69 St (7),2024-01-29,12978.0
"7 Av (B,Q)",2024-01-01,35729.0
"7 Av (B,Q)",2024-01-08,36922.0
"7 Av (B,Q)",2024-01-15,32891.0
"7 Av (B,Q)",2024-01-22,36399.0
"7 Av (B,Q)",2024-01-29,22510.0
"7 Av (E,B,D)",2024-01-01,74949.0
"7 Av (E,B,D)",2024-01-08,74549.0
"7 Av (E,B,D)",2024-01-15,67024.0
"7 Av (E,B,D)",2024-01-22,75547.0
"7 Av (E,B,D)",2024-01-29,36549.0
"7 Av (F,G)",2024-01-01,47260.0
"7 Av (F,G)",2024-01-08,55802.0
"7 Av (F,G)",2024-01-15,52632.0
"7 Av (F,G)",2024-01-22,56928.0
"7 Av (F,G)",2024-01-29,26733.0
71 St (D),2024-01-01,18798.0
71 St (D),2024-01-08,20962.0
71 St (D),2024-01-15,19328.0
71 St (D),2024-01-22,20376.0
71 St (D),2024-01-29,10242.0
"72 St (1,2,3)",2024-01-01,99879.0
"72 St (1,2,3)",2024-01-08,177316.0
"72 St (1,2,3)",2024-01-15,170462.0
"72 St (1,2,3)",2024-01-22,173592.0
"72 St (1,2,3)",2024-01-29,80523.0
"72 St (C,B)",2024-01-01,66407.0
"72 St (C,B)",2024-01-08,42828.0
"72 St (C,B)",2024-01-15,39625.0
"72 St (C,B)",2024-01-22,42250.0
"72 St (C,B)",2024-01-29,18516.0
72 St (Q),2024-01-01,103747.0
72 St (Q),2024-01-08,123415.0
72 St (Q),2024-01-15,114159.0
72 St (Q),2024-01-22,126399.0
72 St (Q),2024-01-29,66012.0
"74-Broadway (7)/Jackson Hts-Roosevelt Av (E,F,M,R)",2024-01-01,257611.0
"74-Broadway (7)/Jackson Hts-Roosevelt Av (E,F,M,R)",2024-01-08,295938.0
"74-Broadway (7)/Jackson Hts-Roosevelt Av (E,F,M,R)",2024-01-15,263188.0
"74-Broadway (7)/Jackson Hts-Roosevelt Av (E,F,M,R)",2024-01-22,285131.0
"74-Broadway (7)/Jackson Hts-Roosevelt Av (E,F,M,R)",2024-01-29,130731.0
"75 Av (E,F)",2024-01-01,12138.0
"75 Av (E,F)",2024-01-08,14383.0
"75 Av (E,F)",2024-01-15,13258.0
"75 Av (E,F)",2024-01-22,14658.0
"75 Av (E,F)",2024-01-29,7518.0
"75 St-Elderts Ln (J,Z)",2024-01-01,4968.0
"75 St-Elderts Ln (J,Z)",2024-01-08,5687.0
"75 St-Elderts Ln (J,Z)",2024-01-15,3771.0
"75 St-Elderts Ln (J,Z)",2024-01-22,5088.0
"75 St-Elderts Ln (J,Z)",2024-01-29,2780.0
77 St (6),2024-01-01,107292.0
77 St (6),2024-01-08,127838.0
77 St (6),2024-01-15,116778.0
77 St (6),2024-01-22,128797.0
77 St (6),2024-01-29,63970.0
77 St (R),2024-01-01,19329.0
77 St (R),2024-01-08,23217.0
77 St (R),2024-01-15,21277.0
77 St (R),2024-01-22,23475.0
77 St (R),2024-01-29,12341.0
79 St (1),2024-01-01,36421.0
79 St (1),2024-01-08,52440.0
79 St (1),2024-01-15,52423.0
79 St (1),2024-01-22,64596.0
79 St (1),2024-01-29,29990.0
79 St (D),2024-01-01,24838.0
79 St (D),2024-01-08,26753.0
79 St (D),2024-01-15,24374.0
79 St (D),2024-01-22,25545.0
79 St (D),2024-01-29,12602.0
8 Av (N),2024-01-01,46730.0
8 Av (N),2024-01-08,49995.0
8 Av (N),2024-01-15,44937.0
8 Av (N),2024-01-22,48528.0
8 Av (N),2024-01-29,24064.0
"8 St-NYU (R,W)",2024-01-01,57282.0
"8 St-NYU (R,W)",2024-01-08,67541.0
"8 St-NYU (R,W)",2024-01-15,66025.0
"8 St-NYU (R,W)",2024-01-22,81329.0
"8 St-NYU (R,W)",2024-01-29,36389.0
80 St (A),2024-01-01,15112.0
80 St (A),2024-01-08,17245.0
80 St (A),2024-01-15,15712.0
80 St (A),2024-01-22,17311.0
80 St (A),2024-01-29,9205.0
"81 St-Museum of Natural History (C,B)",2024-01-01,77489.0
"81 St-Museum of Natural History (C,B)",2024-01-08,63469.0
"81 St-Museum of Natural History (C,B)",2024-01-15,58803.0
"81 St-Museum of Natural History (C,B)",2024-01-22,59759.0
"81 St-Museum of Natural History (C,B)",2024-01-29,23905.0
82 St-Jackson Hts (7),2024-01-01,25600.0
82 St-Jackson Hts (7),2024-01-08,28592.0
82 St-Jackson Hts (7),2024-01-15,25963.0
82 St-Jackson Hts (7),2024-01-22,28081.0
82 St-Jackson Hts (7),2024-01-29,14260.0
85 St-Forest Pkwy (J),2024-01-01,16596.0
85 St-Forest Pkwy (J),2024-01-08,15874.0
85 St-Forest Pkwy (J),2024-01-15,14083.0
85 St-Forest Pkwy (J),2024-01-22,18965.0
85 St-Forest Pkwy (J),2024-01-29,9178.0
86 St (1),2024-01-01,41436.0
86 St (1),2024-01-08,65064.0
86 St (1),2024-01-15,64752.0
86 St (1),2024-01-22,77300.0
86 St (1),2024-01-29,37361.0
"86 St (4,5,6)",2024-01-01,185071.0
"86 St (4,5,6)",2024-01-08,210116.0
"86 St (4,5,6)",2024-01-15,194288.0
"86 St (4,5,6)",2024-01-22,207825.0
"86 St (4,5,6)",2024-01-29,101542.0
"86 St (C,B)",2024-01-01,49612.0
"86 St (C,B)",2024-01-08,50689.0
"86 St (C,B)",2024-01-15,46212.0
"86 St (C,B)",2024-01-22,49460.0
"86 St (C,B)",2024-01-29,23755.0
86 St (N),2024-01-01,9379.0
86 St (N),2024-01-08,11282.0
86 St (N),2024-01-15,9645.0
86 St (N),2024-01-22,10371.0
86 St (N),2024-01-29,5267.0
86 St (Q),2024-01-01,85721.0
86 St (Q),2024-01-08,98865.0
86 St (Q),2024-01-15,94278.0
86 St (Q),2024-01-22,103446.0
86 St (Q),2024-01-29,48662.0
86 St (R),2024-01-01,46274.0
86 St (R),2024-01-08,50072.0
86 St (R),2024-01-15,44340.0
86 St (R),2024-01-22,48184.0
86 St (R),2024-01-29,25551.0
88 St (A),2024-01-01,9738.0
88 St (A),2024-01-08,11440.0
88 St (A),2024-01-15,10150.0
88 St (A),2024-01-22,11161.0
88 St (A),2024-01-29,5821.0
9 Av (D),2024-01-01,22417.0
9 Av (D),2024-01-08,24508.0
9 Av (D),2024-01-15,22107.0
9 Av (D),2024-01-22,23594.0
9 Av (D),2024-01-29,11663.0
90 St-Elmhurst Av (7),2024-01-01,74471.0
90 St-Elmhurst Av (7),2024-01-08,82647.0
90 St-Elmhurst Av (7),2024-01-15,76298.0
90 St-Elmhurst Av (7),2024-01-22,82131.0
90 St-Elmhurst Av (7),2024-01-29,41510.0
"96 St (1,2,3)",2024-01-01,86108.0
"96 St (1,2,3)",2024-01-08,145710.0
"96 St (1,2,3)",2024-01-15,141681.0
"96 St (1,2,3)",2024-01-22,153680.0
"96 St (1,2,3)",2024-01-29,73882.0
96 St (6),2024-01-01,65143.0
96 St (6),2024-01-08,78462.0
96 St (6),2024-01-15,70252.0
96 St (6),2024-01-22,79908.0
96 St (6),2024-01-29,40439.0
"96 St (C,B)",2024-01-01,49776.0
"96 St (C,B)",2024-01-08,43854.0
"96 St (C,B)",2024-01-15,39332.0
"96 St (C,B)",2024-01-22,43904.0
"96 St (C,B)",2024-01-29,21639.0
96 St (Q),2024-01-01,60990.0
96 St (Q),2024-01-08,71258.0
96 St (Q),2024-01-15,65420.0
96 St (Q),2024-01-22,71775.0
96 St (Q),2024-01-29,36003.0
Alabama Av (J),2024-01-01,6805.0
Alabama Av (J),2024-01-08,7361.0
Alabama Av (J),2024-01-15,6614.0
Alabama Av (J),2024-01-22,7429.0
Alabama Av (J),2024-01-29,3849.0
"Allerton Av (2,5)",2024-01-01,13972.0
"Allerton Av (2,5)",2024-01-08,15658.0
"Allerton Av (2,5)",2024-01-15,13504.0
"Allerton Av (2,5)",2024-01-22,13058.0
"Allerton Av (2,5)",2024-01-29,7874.0
Aqueduct Racetrack (A),2024-01-01,3668.0
Aqueduct Racetrack (A),2024-01-08,3501.0
Aqueduct Racetrack (A),2024-01-15,2957.0
Aqueduct Racetrack (A),2024-01-22,3597.0
Aqueduct Racetrack (A),2024-01-29,1294.0
Aqueduct-N Conduit Av (A),2024-01-01,2730.0
Aqueduct-N Conduit Av (A),2024-01-08,3333.0
Aqueduct-N Conduit Av (A),2024-01-15,2837.0
Aqueduct-N Conduit Av (A),2024-01-22,3382.0
Aqueduct-N Conduit Av (A),2024-01-29,1820.0
Astor Pl (6),2024-01-01,62050.0
Astor Pl (6),2024-01-08,70683.0
Astor Pl (6),2024-01-15,68821.0
Astor Pl (6),2024-01-22,82450.0
Astor Pl (6),2024-01-29,37288.0
"Astoria Blvd (N,W)",2024-01-01,36427.0
"Astoria Blvd (N,W)",2024-01-08,41715.0
"Astoria Blvd (N,W)",2024-01-15,37239.0
"Astoria Blvd (N,W)",2024-01-22,41435.0
"Astoria Blvd (N,W)",2024-01-29,22747.0
"Astoria-Ditmars Blvd (N,W)",2024-01-01,53378.0
"Astoria-Ditmars Blvd (N,W)",2024-01-08,61315.0
"Astoria-Ditmars Blvd (N,W)",2024-01-15,54964.0
"Astoria-Ditmars Blvd (N,W)",2024-01-22,60643.0
"Astoria-Ditmars Blvd (N,W)",2024-01-29,32683.0
Atlantic Av (L),2024-01-01,6009.0
Atlantic Av (L),2024-01-08,6904.0
Atlantic Av (L),2024-01-15,6265.0
Atlantic Av (L),2024-01-22,7436.0
Atlantic Av (L),2024-01-29,4411.0
"Atlantic Av-Barclays Ctr (B,D,N,Q,R,2,3,4,5)",2024-01-01,169814.0
"Atlantic Av-Barclays Ctr (B,D,N,Q,R,2,3,4,5)",2024-01-08,180448.0
"Atlantic Av-Barclays Ctr (B,D,N,Q,R,2,3,4,5)",2024-01-15,172841.0
"Atlantic Av-Barclays Ctr (B,D,N,Q,R,2,3,4,5)",2024-01-22,189564.0
"Atlantic Av-Barclays Ctr (B,D,N,Q,R,2,3,4,5)",2024-01-29,94584.0
Avenue H (Q),2024-01-01,10050.0
Avenue H (Q),2024-01-08,11081.0
Avenue H (Q),2024-01-15,9869.0
Avenue H (Q),2024-01-22,10561.0
Avenue H (Q),2024-01-29,6976.0
Avenue I (F),2024-01-01,6898.0
Avenue I (F),2024-01-08,7777.0
Avenue I (F),2024-01-15,7739.0
Avenue I (F),2024-01-22,7381.0
Avenue I (F),2024-01-29,4097.0
Avenue J (Q),2024-01-01,19575.0
Avenue J (Q),2024-01-08,21677.0
Avenue J (Q),2024-01-15,19065.0
Avenue J (Q),2024-01-22,19419.0
Avenue J (Q),2024-01-29,11447.0
Avenue M (Q),2024-01-01,19918.0
Avenue M (Q),2024-01-08,22626.0
Avenue M (Q),2024-01-15,20249.0
Avenue M (Q),2024-01-22,20696.0
Avenue M (Q),2024-01-29,11390.0
Avenue N (F),2024-01-01,11035.0
Avenue N (F),2024-01-08,12330.0
Avenue N (F),2024-01-15,11956.0
Avenue N (F),2024-01-22,12304.0
Avenue N (F),2024-01-29,6454.0
Avenue P (F),2024-01-01,9706.0
Avenue P (F),2024-01-08,10440.0
Avenue P (F),2024-01-15,9958.0
Avenue P (F),2024-01-22,10880.0
Avenue P (F),2024-01-29,5696.0
Avenue U (F),2024-01-01,7615.0
Avenue U (F),2024-01-08,8778.0
Avenue U (F),2024-01-15,8417.0
Avenue U (F),2024-01-22,8786.0
Avenue U (F),2024-01-29,4519.0
Avenue U (N),2024-01-01,15161.0
Avenue U (N),2024-01-08,18068.0
Avenue U (N),2024-01-15,16420.0
Avenue U (N),2024-01-22,17283.0
Avenue U (N),2024-01-29,8392.0
Avenue U (Q),2024-01-01,25831.0
Avenue U (Q),2024-01-08,28638.0
Avenue U (Q),2024-01-15,25711.0
Avenue U (Q),2024-01-22,26320.0
Avenue U (Q),2024-01-29,14423.0
Avenue X (F),2024-01-01,9484.0
Avenue X (F),2024-01-08,10171.0
Avenue X (F),2024-01-15,10029.0
Avenue X (F),2024-01-22,10816.0
Avenue X (F),2024-01-29,5794.0
Bay 50 St (D),2024-01-01,9845.0
Bay 50 St (D),2024-01-08,11242.0
Bay 50 St (D),2024-01-15,10036.0
Bay 50 St (D),2024-01-22,10772.0
Bay 50 St (D),2024-01-29,5628.0
Bay Pkwy (D),2024-01-01,28497.0
Bay Pkwy (D),2024-01-08,31821.0
Bay Pkwy (D),2024-01-15,28734.0
Bay Pkwy (D),2024-01-22,30863.0
Bay Pkwy (D),2024-01-29,15730.0
Bay Pkwy (F),2024-01-01,4827.0
Bay Pkwy (F),2024-01-08,5837.0
Bay Pkwy (F),2024-01-15,5326.0
Bay Pkwy (F),2024-01-22,5711.0
Bay Pkwy (F),2024-01-29,2907.0
Bay Pkwy (N),2024-01-01,26253.0
Bay Pkwy (N),2024-01-08,30213.0
Bay Pkwy (N),2024-01-15,27613.0
Bay Pkwy (N),2024-01-22,29084.0
Bay Pkwy (N),2024-01-29,15560.0
Bay Ridge Av (R),2024-01-01,30012.0
Bay Ridge Av (R),2024-01-08,35318.0
Bay Ridge Av (R),2024-01-15,32213.0
Bay Ridge Av (R),2024-01-22,34118.0
Bay Ridge Av (R),2024-01-29,17697.0
Bay Ridge-95 St (R),2024-01-01,20260.0
Bay Ridge-95 St (R),2024-01-08,23867.0
Bay Ridge-95 St (R),2024-01-15,21550.0
Bay Ridge-95 St (R),2024-01-22,24024.0
Bay Ridge-95 St (R),2024-01-29,12358.0
Baychester Av (5),2024-01-01,8503.0
Baychester Av (5),2024-01-08,10562.0
Baychester Av (5),2024-01-15,9036.0
Baychester Av (5),2024-01-22,10404.0
Baychester Av (5),2024-01-29,5679.0
"Beach 105 St (A,S)",2024-01-01,706.0
"Beach 105 St (A,S)",2024-01-08,802.0
"Beach 105 St (A,S)",2024-01-15,719.0
"Beach 105 St (A,S)",2024-01-22,771.0
"Beach 105 St (A,S)",2024-01-29,432.0
Beach 25 St (A),2024-01-01,5166.0
Beach 25 St (A),2024-01-08,6119.0
Beach 25 St (A),2024-01-15,5438.0
Beach 25 St (A),2024-01-22,5946.0
Beach 25 St (A),2024-01-29,3010.0
Beach 36 St (A),2024-01-01,2753.0
Beach 36 St (A),2024-01-08,2986.0
Beach 36 St (A),2024-01-15,2669.0
Beach 36 St (A),2024-01-22,3084.0
Beach 36 St (A),2024-01-29,1536.0
Beach 44 St (A),2024-01-01,2595.0
Beach 44 St (A),2024-01-08,2948.0
Beach 44 St (A),2024-01-15,2556.0
Beach 44 St (A),2024-01-22,2761.0
Beach 44 St (A),2024-01-29,1400.0
Beach 60 St (A),2024-01-01,5791.0
Beach 60 St (A),2024-01-08,6633.0
Beach 60 St (A),2024-01-15,5797.0
Beach 60 St (A),2024-01-22,6469.0
Beach 60 St (A),2024-01-29,3353.0
Beach 67 St (A),2024-01-01,7427.0
Beach 67 St (A),2024-01-08,8713.0
Beach 67 St (A),2024-01-15,7489.0
Beach 67 St (A),2024-01-22,8290.0
Beach 67 St (A),2024-01-29,4246.0
"Beach 90 St (A,S)",2024-01-01,1945.0
"Beach 90 St (A,S)",2024-01-08,2210.0
"Beach 90 St (A,S)",2024-01-15,2082.0
"Beach 90 St (A,S)",2024-01-22,2298.0
"Beach 90 St (A,S)",2024-01-29,1218.0
"Beach 98 St (A,S)",2024-01-01,1356.0
"Beach 98 St (A,S)",2024-01-08,1544.0
"Beach 98 St (A,S)",2024-01-15,1398.0
"Beach 98 St (A,S)",2024-01-22,1546.0
"Beach 98 St (A,S)",2024-01-29,801.0
Bedford Av (L),2024-01-01,139239.0
Bedford Av (L),2024-01-08,157700.0
Bedford Av (L),2024-01-15,144182.0
Bedford Av (L),2024-01-22,157144.0
Bedford Av (L),2024-01-29,67662.0
"Bedford Park Blvd (B,D)",2024-01-01,19534.0
"Bedford Park Blvd (B,D)",2024-01-08,19811.0
"Bedford Park Blvd (B,D)",2024-01-15,17461.0
"Bedford Park Blvd (B,D)",2024-01-22,22022.0
"Bedford Park Blvd (B,D)",2024-01-29,11588.0
Bedford Park Blvd-Lehman College (4),2024-01-01,18385.0
Bedford Park Blvd-Lehman College (4),2024-01-08,23007.0
Bedford Park Blvd-Lehman College (4),2024-01-15,20478.0
Bedford Park Blvd-Lehman College (4),2024-01-22,20788.0
Bedford Park Blvd-Lehman College (4),2024-01-29,12254.0
Bedford-Nostrand Avs (G),2024-01-01,32238.0
Bedford-Nostrand Avs (G),2024-01-08,38930.0
Bedford-Nostrand Avs (G),2024-01-15,35878.0
Bedford-Nostrand Avs (G),2024-01-22,40003.0
Bedford-Nostrand Avs (G),2024-01-29,18474.0
"Bergen St (2,3)",2024-01-01,17269.0
"Bergen St (2,3)",2024-01-08,20798.0
"Bergen St (2,3)",2024-01-15,20889.0
"Bergen St (2,3)",2024-01-22,22660.0
"Bergen St (2,3)",2024-01-29,10105.0
"Bergen St (F,G)",2024-01-01,46213.0
"Bergen St (F,G)",2024-01-08,54630.0
"Bergen St (F,G)",2024-01-15,53011.0
"Bergen St (F,G)",2024-01-22,56912.0
"Bergen St (F,G)",2024-01-29,26021.0
Beverley Rd (Q),2024-01-01,13212.0
Beverley Rd (Q),2024-01-08,13965.0
Beverley Rd (Q),2024-01-15,12219.0
Beverley Rd (Q),2024-01-22,12931.0
Beverley Rd (Q),2024-01-29,7058.0
"Beverly Rd (2,5)",2024-01-01,15477.0
"Beverly Rd (2,5)",2024-01-08,18420.0
"Beverly Rd (2,5)",2024-01-15,16601.0
"Beverly Rd (2,5)",2024-01-22,18099.0
"Beverly Rd (2,5)",2024-01-29,9228.0
"Bowery (J,Z)",2024-01-01,15648.0
"Bowery (J,Z)",2024-01-08,15457.0
"Bowery (J,Z)",2024-01-15,14767.0
"Bowery (J,Z)",2024-01-22,15869.0
"Bowery (J,Z)",2024-01-29,5977.0
"Bowling Green (4,5)",2024-01-01,85976.0
"Bowling Green (4,5)",2024-01-08,89446.0
"Bowling Green (4,5)",2024-01-15,72929.0
"Bowling Green (4,5)",2024-01-22,86976.0
"Bowling Green (4,5)",2024-01-29,50672.0
"Briarwood (E,F)",2024-01-01,18109.0
"Briarwood (E,F)",2024-01-08,21230.0
"Briarwood (E,F)",2024-01-15,18922.0
"Briarwood (E,F)",2024-01-22,20621.0
"Briarwood (E,F)",2024-01-29,11093.0
"Brighton Beach (B,Q)",2024-01-01,39713.0
"Brighton Beach (B,Q)",2024-01-08,44610.0
"Brighton Beach (B,Q)",2024-01-15,41262.0
"Brighton Beach (B,Q)",2024-01-22,44732.0
"Brighton Beach (B,Q)",2024-01-29,22657.0
"Broad Channel (A,S)",2024-01-01,980.0
"Broad Channel (A,S)",2024-01-08,1101.0
"Broad Channel (A,S)",2024-01-15,973.0
"Broad Channel (A,S)",2024-01-22,1189.0
"Broad Channel (A,S)",2024-01-29,676.0
"Broad St (J,Z)",2024-01-01,22617.0
"Broad St (J,Z)",2024-01-08,23727.0
"Broad St (J,Z)",2024-01-15,21232.0
"Broad St (J,Z)",2024-01-22,24655.0
"Broad St (J,Z)",2024-01-29,12478.0
Broadway (G),2024-01-01,18930.0
Broadway (G),2024-01-08,21223.0
Broadway (G),2024-01-15,20536.0
Broadway (G),2024-01-22,21048.0
Broadway (G),2024-01-29,9892.0
"Broadway (N,W)",2024-01-01,41636.0
"Broadway (N,W)",2024-01-08,47623.0
"Broadway (N,W)",2024-01-15,42957.0
"Broadway (N,W)",2024-01-22,46756.0
"Broadway (N,W)",2024-01-29,26580.0
"Broadway Junction (A,C,J,L,Z)",2024-01-01,27877.0
"Broadway Junction (A,C,J,L,Z)",2024-01-08,33660.0
"Broadway Junction (A,C,J,L,Z)",2024-01-15,30458.0
"Broadway Junction (A,C,J,L,Z)",2024-01-22,32690.0
"Broadway Junction (A,C,J,L,Z)",2024-01-29,16130.0
"Broadway-Lafayette St (B,D,F,M)/Bleecker St (6)",2024-01-01,152537.0
"Broadway-Lafayette St (B,D,F,M)/Bleecker St (6)",2024-01-08,165295.0
"Broadway-Lafayette St (B,D,F,M)/Bleecker St (6)",2024-01-15,158044.0
"Broadway-Lafayette St (B,D,F,M)/Bleecker St (6)",2024-01-22,174003.0
"Broadway-Lafayette St (B,D,F,M)/Bleecker St (6)",2024-01-29,78573.0
"Bronx Park East (2,5)",2024-01-01,7188.0
"Bronx Park East (2,5)",2024-01-08,7987.0
"Bronx Park East (2,5)",2024-01-15,7004.0
"Bronx Park East (2,5)",2024-01-22,6876.0
"Bronx Park East (2,5)",2024-01-29,4290.0
Brook Av (6),2024-01-01,18016.0
Brook Av (6),2024-01-08,20591.0
Brook Av (6),2024-01-15,16176.0
Brook Av (6),2024-01-22,19704.0
Brook Av (6),2024-01-29,9856.0
"Brooklyn Bridge-City Hall (4,5,6)/Chambers St (J,Z)",2024-01-01,101026.0
"Brooklyn Bridge-City Hall (4,5,6)/Chambers St (J,Z)",2024-01-08,105342.0
"Brooklyn Bridge-City Hall (4,5,6)/Chambers St (J,Z)",2024-01-15,88341.0
"Brooklyn Bridge-City Hall (4,5,6)/Chambers St (J,Z)",2024-01-22,107566.0
"Brooklyn Bridge-City Hall (4,5,6)/Chambers St (J,Z)",2024-01-29,59990.0
"Bryant Pk (B,D,F,M)/5 Av (7)",2024-01-01,186560.0
"Bryant Pk (B,D,F,M)/5 Av (7)",2024-01-08,188432.0
"Bryant Pk (B,D,F,M)/5 Av (7)",2024-01-15,166661.0
"Bryant Pk (B,D,F,M)/5 Av (7)",2024-01-22,188993.0
"Bryant Pk (B,D,F,M)/5 Av (7)",2024-01-29,101764.0
Buhre Av (6),2024-01-01,12867.0
Buhre Av (6),2024-01-08,15041.0
Buhre Av (6),2024-01-15,13175.0
Buhre Av (6),2024-01-22,14710.0
Buhre Av (6),2024-01-29,7888.0
"Burke Av (2,5)",2024-01-01,8182.0
"Burke Av (2,5)",2024-01-08,9860.0
"Burke Av (2,5)",2024-01-15,8453.0
"Burke Av (2,5)",2024-01-22,8163.0
"Burke Av (2,5)",2024-01-29,4721.0
Burnside Av (4),2024-01-01,31410.0
Burnside Av (4),2024-01-08,36765.0
Burnside Av (4),2024-01-15,32927.0
Burnside Av (4),2024-01-22,34375.0
Burnside Av (4),2024-01-29,18123.0
Bushwick Av-Aberdeen St (L),2024-01-01,9280.0
Bushwick Av-Aberdeen St (L),2024-01-08,10080.0
Bushwick Av-Aberdeen St (L),2024-01-15,9868.0
Bushwick Av-Aberdeen St (L),2024-01-22,11467.0
Bushwick Av-Aberdeen St (L),2024-01-29,5135.0
Canal St (1),2024-01-01,13577.0
Canal St (1),2024-01-08,20683.0
Canal St (1),2024-01-15,19813.0
Canal St (1),2024-01-22,20591.0
Canal St (1),2024-01-29,11513.0
"Canal St (A,C,E)",2024-01-01,70808.0
"Canal St (A,C,E)",2024-01-08,77945.0
"Canal St (A,C,E)",2024-01-15,69325.0
"Canal St (A,C,E)",2024-01-22,80075.0
"Canal St (A,C,E)",2024-01-29,39487.0
"Canal St (J,N,Q,R,W,Z,6)",2024-01-01,184075.0
"Canal St (J,N,Q,R,W,Z,6)",2024-01-08,185492.0
"Canal St (J,N,Q,R,W,Z,6)",2024-01-15,166127.0
"Canal St (J,N,Q,R,W,Z,6)",2024-01-22,187903.0
"Canal St (J,N,Q,R,W,Z,6)",2024-01-29,84914.0
Canarsie-Rockaway Pkwy (L),2024-01-01,10032.0
Canarsie-Rockaway Pkwy (L),2024-01-08,11487.0
Canarsie-Rockaway Pkwy (L),2024-01-15,10160.0
Canarsie-Rockaway Pkwy (L),2024-01-22,11439.0
Canarsie-Rockaway Pkwy (L),2024-01-29,5862.0
"Carroll St (F,G)",2024-01-01,45425.0
"Carroll St (F,G)",2024-01-08,55200.0
"Carroll St (F,G)",2024-01-15,51275.0
"Carroll St (F,G)",2024-01-22,55756.0
"Carroll St (F,G)",2024-01-29,26918.0
Castle Hill Av (6),2024-01-01,18602.0
Castle Hill Av (6),2024-01-08,21376.0
Castle Hill Av (6),2024-01-15,18693.0
Castle Hill Av (6),2024-01-22,20983.0
Castle Hill Av (6),2024-01-29,10518.0
Cathedral Pkwy (110 St) (1),2024-01-01,27459.0
Cathedral Pkwy (110 St) (1),2024-01-08,49937.0
Cathedral Pkwy (110 St) (1),2024-01-15,53130.0
Cathedral Pkwy (110 St) (1),2024-01-22,57312.0
Cathedral Pkwy (110 St) (1),2024-01-29,25577.0
"Cathedral Pkwy (110 St) (C,B)",2024-01-01,40617.0
"Cathedral Pkwy (110 St) (C,B)",2024-01-08,31681.0
"Cathedral Pkwy (110 St) (C,B)",2024-01-15,29877.0
"Cathedral Pkwy (110 St) (C,B)",2024-01-22,32634.0
"Cathedral Pkwy (110 St) (C,B)",2024-01-29,14926.0
Central Av (M),2024-01-01,12981.0
Central Av (M),2024-01-08,15912.0
Central Av (M),2024-01-15,15338.0
Central Av (M),2024-01-22,16889.0
Central Av (M),2024-01-29,8187.0
"Central Park North (110 St) (2,3)",2024-01-01,16498.0
"Central Park North (110 St) (2,3)",2024-01-08,26545.0
"Central Park North (110 St) (2,3)",2024-01-15,24302.0
"Central Park North (110 St) (2,3)",2024-01-22,27291.0
"Central Park North (110 St) (2,3)",2024-01-29,12667.0
"Chambers St (1,2,3)",2024-01-01,50807.0
"Chambers St (1,2,3)",2024-01-08,70632.0
"Chambers St (1,2,3)",2024-01-15,62968.0
"Chambers St (1,2,3)",2024-01-22,70832.0
"Chambers St (1,2,3)",2024-01-29,43831.0
"Chambers St (A,C)/WTC (E)/Park Pl (2,3)/Cortlandt (R,W)",2024-01-01,208969.0
"Chambers St (A,C)/WTC (E)/Park Pl (2,3)/Cortlandt (R,W)",2024-01-08,226415.0
"Chambers St (A,C)/WTC (E)/Park Pl (2,3)/Cortlandt (R,W)",2024-01-15,195924.0
"Chambers St (A,C)/WTC (E)/Park Pl (2,3)/Cortlandt (R,W)",2024-01-22,237686.0
"Chambers St (A,C)/WTC (E)/Park Pl (2,3)/Cortlandt (R,W)",2024-01-29,125814.0
"Chauncey St (J,Z)",2024-01-01,9703.0
"Chauncey St (J,Z)",2024-01-08,11087.0
"Chauncey St (J,Z)",2024-01-15,10300.0
"Chauncey St (J,Z)",2024-01-22,10648.0
"Chauncey St (J,Z)",2024-01-29,5119.0
Christopher St-Sheridan Sq (1),2024-01-01,38603.0
Christopher St-Sheridan Sq (1),2024-01-08,52733.0
Christopher St-Sheridan Sq (1),2024-01-15,45783.0
Christopher St-Sheridan Sq (1),2024-01-22,49016.0
Christopher St-Sheridan Sq (1),2024-01-29,22175.0
"Church Av (2,5)",2024-01-01,31583.0
"Church Av (2,5)",2024-01-08,39124.0
"Church Av (2,5)",2024-01-15,34245.0
"Church Av (2,5)",2024-01-22,37202.0
"Church Av (2,5)",2024-01-29,17983.0
"Church Av (B,Q)",2024-01-01,52550.0
"Church Av (B,Q)",2024-01-08,56992.0
"Church Av (B,Q)",2024-01-15,50577.0
"Church Av (B,Q)",2024-01-22,55313.0
"Church Av (B,Q)",2024-01-29,30336.0
"Church Av (F,G)",2024-01-01,35044.0
"Church Av (F,G)",2024-01-08,42010.0
"Church Av (F,G)",2024-01-15,38536.0
"Church Av (F,G)",2024-01-22,42182.0
"Church Av (F,G)",2024-01-29,19875.0
"City Hall (R,W)",2024-01-01,19650.0
"City Hall (R,W)",2024-01-08,23068.0
"City Hall (R,W)",2024-01-15,19110.0
"City Hall (R,W)",2024-01-22,23335.0
"City Hall (R,W)",2024-01-29,12491.0
"Clark St (2,3)",2024-01-01,22274.0
"Clark St (2,3)",2024-01-08,24679.0
"Clark St (2,3)",2024-01-15,24174.0
"Clark St (2,3)",2024-01-22,25719.0
"Clark St (2,3)",2024-01-29,12383.0
Classon Av (G),2024-01-01,21007.0
Classon Av (G),2024-01-08,25521.0
Classon Av (G),2024-01-15,26000.0
Classon Av (G),2024-01-22,27445.0
Classon Av (G),2024-01-29,12609.0
Cleveland St (J),2024-01-01,6368.0
Cleveland St (J),2024-01-08,7421.0
Cleveland St (J),2024-01-15,6386.0
Cleveland St (J),2024-01-22,7537.0
Cleveland St (J),2024-01-29,3871.0
Clinton-Washington Avs (C),2024-01-01,25195.0
Clinton-Washington Avs (C),2024-01-08,31244.0
Clinton-Washington Avs (C),2024-01-15,29899.0
Clinton-Washington Avs (C),2024-01-22,33223.0
Clinton-Washington Avs (C),2024-01-29,15942.0
Clinton-Washington Avs (G),2024-01-01,19804.0
Clinton-Washington Avs (G),2024-01-08,23525.0
Clinton-Washington Avs (G),2024-01-15,25427.0
Clinton-Washington Avs (G),2024-01-22,27659.0
Clinton-Washington Avs (G),2024-01-29,13056.0
"Coney Island-Stillwell Av (D,F,N,Q)",2024-01-01,50800.0
"Coney Island-Stillwell Av (D,F,N,Q)",2024-01-08,51068.0
"Coney Island-Stillwell Av (D,F,N,Q)",2024-01-15,44914.0
"Coney Island-Stillwell Av (D,F,N,Q)",2024-01-22,49471.0
"Coney Island-Stillwell Av (D,F,N,Q)",2024-01-29,24143.0
Cortelyou Rd (Q),2024-01-01,21331.0
Cortelyou Rd (Q),2024-01-08,23092.0
Cortelyou Rd (Q),2024-01-15,20655.0
Cortelyou Rd (Q),2024-01-22,22572.0
Cortelyou Rd (Q),2024-01-29,11844.0
"Court Sq (E,G,M,7)",2024-01-01,92956.0
"Court Sq (E,G,M,7)",2024-01-08,112234.0
"Court Sq (E,G,M,7)",2024-01-15,102692.0
"Court Sq (E,G,M,7)",2024-01-22,115700.0
"Court Sq (E,G,M,7)",2024-01-29,55353.0
"Court St (R)/Borough Hall (2,3,4,5)",2024-01-01,93325.0
"Court St (R)/Borough Hall (2,3,4,5)",2024-01-08,121176.0
"Court St (R)/Borough Hall (2,3,4,5)",2024-01-15,104477.0
"Court St (R)/Borough Hall (2,3,4,5)",2024-01-22,124959.0
"Court St (R)/Borough Hall (2,3,4,5)",2024-01-29,69804.0
"Crescent St (J,Z)",2024-01-01,11408.0
"Crescent St (J,Z)",2024-01-08,13026.0
"Crescent St (J,Z)",2024-01-15,11786.0
"Crescent St (J,Z)",2024-01-22,13255.0
"Crescent St (J,Z)",2024-01-29,6474.0
"Crown Hts-Utica Av (3,4)",2024-01-01,84980.0
"Crown Hts-Utica Av (3,4)",2024-01-08,98970.0
"Crown Hts-Utica Av (3,4)",2024-01-15,86550.0
"Crown Hts-Utica Av (3,4)",2024-01-22,97767.0
"Crown Hts-Utica Av (3,4)",2024-01-29,50142.0
Cypress Av (6),2024-01-01,9864.0
Cypress Av (6),2024-01-08,11435.0
Cypress Av (6),2024-01-15,10181.0
Cypress Av (6),2024-01-22,11977.0
Cypress Av (6),2024-01-29,5752.0
Cypress Hills (J),2024-01-01,5168.0
Cypress Hills (J),2024-01-08,5289.0
Cypress Hills (J),2024-01-15,5936.0
Cypress Hills (J),2024-01-22,7854.0
Cypress Hills (J),2024-01-29,4057.0
"DeKalb Av (B,Q,R)",2024-01-01,71602.0
"DeKalb Av (B,Q,R)",2024-01-08,83035.0
"DeKalb Av (B,Q,R)",2024-01-15,76170.0
"DeKalb Av (B,Q,R)",2024-01-22,84720.0
"DeKalb Av (B,Q,R)",2024-01-29,46409.0
DeKalb Av (L),2024-01-01,45742.0
DeKalb Av (L),2024-01-08,58785.0
DeKalb Av (L),2024-01-15,52990.0
DeKalb Av (L),2024-01-22,57878.0
DeKalb Av (L),2024-01-29,28227.0
"Delancey St (F)/Essex St (J,M,Z)",2024-01-01,118548.0
"Delancey St (F)/Essex St (J,M,Z)",2024-01-08,130965.0
"Delancey St (F)/Essex St (J,M,Z)",2024-01-15,123310.0
"Delancey St (F)/Essex St (J,M,Z)",2024-01-22,130359.0
"Delancey St (F)/Essex St (J,M,Z)",2024-01-29,57530.0
Ditmas Av (F),2024-01-01,15083.0
Ditmas Av (F),2024-01-08,16889.0
Ditmas Av (F),2024-01-15,16415.0
Ditmas Av (F),2024-01-22,16524.0
Ditmas Av (F),2024-01-29,8889.0
Dyckman St (1),2024-01-01,20535.0
Dyckman St (1),2024-01-08,26469.0
Dyckman St (1),2024-01-15,24162.0
Dyckman St (1),2024-01-22,26491.0
Dyckman St (1),2024-01-29,13332.0
Dyckman St (A),2024-01-01,23665.0
Dyckman St (A),2024-01-08,25646.0
Dyckman St (A),2024-01-15,23049.0
Dyckman St (A),2024-01-22,25065.0
Dyckman St (A),2024-01-29,12497.0
E 143 St-St Mary's St (6),2024-01-01,4112.0
E 143 St-St Mary's St (6),2024-01-08,5056.0
E 143 St-St Mary's St (6),2024-01-15,4204.0
E 143 St-St Mary's St (6),2024-01-22,4946.0
E 143 St-St Mary's St (6),2024-01-29,2795.0
E 149 St (6),2024-01-01,15200.0
E 149 St (6),2024-01-08,17409.0
E 149 St (6),2024-01-15,14305.0
E 149 St (6),2024-01-22,17086.0
E 149 St (6),2024-01-29,8750.0
"E 180 St (2,5)",2024-01-01,27001.0
"E 180 St (2,5)",2024-01-08,30939.0
"E 180 St (2,5)",2024-01-15,28472.0
"E 180 St (2,5)",2024-01-22,36023.0
"E 180 St (2,5)",2024-01-29,15599.0
East 105 St (L),2024-01-01,9995.0
East 105 St (L),2024-01-08,11016.0
East 105 St (L),2024-01-15,9392.0
East 105 St (L),2024-01-22,10825.0
East 105 St (L),2024-01-29,5860.0
East Broadway (F),2024-01-01,69371.0
East Broadway (F),2024-01-08,72860.0
East Broadway (F),2024-01-15,65252.0
East Broadway (F),2024-01-22,69303.0
East Broadway (F),2024-01-29,31178.0
Eastchester-Dyre Av (5),2024-01-01,12519.0
Eastchester-Dyre Av (5),2024-01-08,15568.0
Eastchester-Dyre Av (5),2024-01-15,12973.0
Eastchester-Dyre Av (5),2024-01-22,15263.0
Eastchester-Dyre Av (5),2024-01-29,7883.0
"Eastern Pkwy-Brooklyn Museum (2,3)",2024-01-01,16615.0
"Eastern Pkwy-Brooklyn Museum (2,3)",2024-01-08,19613.0
"Eastern Pkwy-Brooklyn Museum (2,3)",2024-01-15,18697.0
"Eastern Pkwy-Brooklyn Museum (2,3)",2024-01-22,19942.0
"Eastern Pkwy-Brooklyn Museum (2,3)",2024-01-29,8625.0
Elder Av (6),2024-01-01,20212.0
Elder Av (6),2024-01-08,23307.0
Elder Av (6),2024-01-15,21226.0
Elder Av (6),2024-01-22,21309.0
Elder Av (6),2024-01-29,10448.0
"Elmhurst Av (M,R)",2024-01-01,48470.0
"Elmhurst Av (M,R)",2024-01-08,54881.0
"Elmhurst Av (M,R)",2024-01-15,50836.0
"Elmhurst Av (M,R)",2024-01-22,53566.0
"Elmhurst Av (M,R)",2024-01-29,26160.0
"Euclid Av (A,C)",2024-01-01,35335.0
"Euclid Av (A,C)",2024-01-08,39668.0
"Euclid Av (A,C)",2024-01-15,36693.0
"Euclid Av (A,C)",2024-01-22,40583.0
"Euclid Av (A,C)",2024-01-29,20899.0
Far Rockaway-Mott Av (A),2024-01-01,14301.0
Far Rockaway-Mott Av (A),2024-01-08,16640.0
Far Rockaway-Mott Av (A),2024-01-15,15394.0
Far Rockaway-Mott Av (A),2024-01-22,16829.0
Far Rockaway-Mott Av (A),2024-01-29,8808.0
"Flatbush Av-Brooklyn College (2,5)",2024-01-01,59744.0
"Flatbush Av-Brooklyn College (2,5)",2024-01-08,71561.0
"Flatbush Av-Brooklyn College (2,5)",2024-01-15,63014.0
"Flatbush Av-Brooklyn College (2,5)",2024-01-22,71173.0
"Flatbush Av-Brooklyn College (2,5)",2024-01-29,40663.0
Flushing Av (G),2024-01-01,11647.0
Flushing Av (G),2024-01-08,13574.0
Flushing Av (G),2024-01-15,12777.0
Flushing Av (G),2024-01-22,13659.0
Flushing Av (G),2024-01-29,6956.0
"Flushing Av (M,J)",2024-01-01,26419.0
"Flushing Av (M,J)",2024-01-08,30548.0
"Flushing Av (M,J)",2024-01-15,27829.0
"Flushing Av (M,J)",2024-01-22,30252.0
"Flushing Av (M,J)",2024-01-29,15617.0
Flushing-Main St (7),2024-01-01,244402.0
Flushing-Main St (7),2024-01-08,263528.0
Flushing-Main St (7),2024-01-15,238657.0
Flushing-Main St (7),2024-01-22,259164.0
Flushing-Main St (7),2024-01-29,131910.0
Fordham Rd (4),2024-01-01,31639.0
Fordham Rd (4),2024-01-08,39301.0
Fordham Rd (4),2024-01-15,35711.0
Fordham Rd (4),2024-01-22,35497.0
Fordham Rd (4),2024-01-29,17782.0
"Fordham Rd (B,D)",2024-01-01,27331.0
"Fordham Rd (B,D)",2024-01-08,26596.0
"Fordham Rd (B,D)",2024-01-15,24064.0
"Fordham Rd (B,D)",2024-01-22,31906.0
"Fordham Rd (B,D)",2024-01-29,16058.0
Forest Av (M),2024-01-01,15255.0
Forest Av (M),2024-01-08,18476.0
Forest Av (M),2024-01-15,17178.0
Forest Av (M),2024-01-22,18781.0
Forest Av (M),2024-01-29,9745.0
"Forest Hills-71 Av (E,F,M,R)",2024-01-01,92280.0
"Forest Hills-71 Av (E,F,M,R)",2024-01-08,107926.0
"Forest Hills-71 Av (E,F,M,R)",2024-01-15,96501.0
"Forest Hills-71 Av (E,F,M,R)",2024-01-22,106817.0
"Forest Hills-71 Av (E,F,M,R)",2024-01-29,56695.0
Fort Hamilton Pkwy (D),2024-01-01,14947.0
Fort Hamilton Pkwy (D),2024-01-08,17117.0
Fort Hamilton Pkwy (D),2024-01-15,15705.0
Fort Hamilton Pkwy (D),2024-01-22,16883.0
Fort Hamilton Pkwy (D),2024-01-29,8867.0
"Fort Hamilton Pkwy (F,G)",2024-01-01,22662.0
"Fort Hamilton Pkwy (F,G)",2024-01-08,27273.0
"Fort Hamilton Pkwy (F,G)",2024-01-15,25632.0
"Fort Hamilton Pkwy (F,G)",2024-01-22,25511.0
"Fort Hamilton Pkwy (F,G)",2024-01-29,13148.0
Fort Hamilton Pkwy (N),2024-01-01,26179.0
Fort Hamilton Pkwy (N),2024-01-08,29011.0
Fort Hamilton Pkwy (N),2024-01-15,26326.0
Fort Hamilton Pkwy (N),2024-01-22,26673.0
Fort Hamilton Pkwy (N),2024-01-29,12834.0
"Franklin Av (2,3,4,5)/Botanic Garden (S)",2024-01-01,54787.0
"Franklin Av (2,3,4,5)/Botanic Garden (S)",2024-01-08,65862.0
"Franklin Av (2,3,4,5)/Botanic Garden (S)",2024-01-15,59497.0
"Franklin Av (2,3,4,5)/Botanic Garden (S)",2024-01-22,66210.0
"Franklin Av (2,3,4,5)/Botanic Garden (S)",2024-01-29,33042.0
"Franklin Av (C,S)",2024-01-01,21556.0
"Franklin Av (C,S)",2024-01-08,25363.0
"Franklin Av (C,S)",2024-01-15,24120.0
"Franklin Av (C,S)",2024-01-22,26142.0
"Franklin Av (C,S)",2024-01-29,12271.0
Franklin St (1),2024-01-01,17409.0
Franklin St (1),2024-01-08,25448.0
Franklin St (1),2024-01-15,22877.0
Franklin St (1),2024-01-22,26115.0
Franklin St (1),2024-01-29,13828.0
"Freeman St (2,5)",2024-01-01,13602.0
"Freeman St (2,5)",2024-01-08,15482.0
"Freeman St (2,5)",2024-01-15,14190.0
"Freeman St (2,5)",2024-01-22,15433.0
"Freeman St (2,5)",2024-01-29,7882.0
Fresh Pond Rd (M),2024-01-01,19736.0
Fresh Pond Rd (M),2024-01-08,23090.0
Fresh Pond Rd (M),2024-01-15,21516.0
Fresh Pond Rd (M),2024-01-22,23445.0
Fresh Pond Rd (M),2024-01-29,12317.0
"Fulton St (A,C,J,Z,2,3,4,5)",2024-01-01,297586.0
"Fulton St (A,C,J,Z,2,3,4,5)",2024-01-08,326488.0
"Fulton St (A,C,J,Z,2,3,4,5)",2024-01-15,289917.0
"Fulton St (A,C,J,Z,2,3,4,5)",2024-01-22,336484.0
"Fulton St (A,C,J,Z,2,3,4,5)",2024-01-29,177586.0
Fulton St (G),2024-01-01,28241.0
Fulton St (G),2024-01-08,31484.0
Fulton St (G),2024-01-15,31012.0
Fulton St (G),2024-01-22,29976.0
Fulton St (G),2024-01-29,14168.0
"Gates Av (J,Z)",2024-01-01,23192.0
"Gates Av (J,Z)",2024-01-08,26665.0
"Gates Av (J,Z)",2024-01-15,24645.0
"Gates Av (J,Z)",2024-01-22,24850.0
"Gates Av (J,Z)",2024-01-29,12947.0
Graham Av (L),2024-01-01,35719.0
Graham Av (L),2024-01-08,42870.0
Graham Av (L),2024-01-15,40816.0
Graham Av (L),2024-01-22,44446.0
Graham Av (L),2024-01-29,20301.0
"Grand Army Plaza (2,3)",2024-01-01,27443.0
"Grand Army Plaza (2,3)",2024-01-08,33865.0
"Grand Army Plaza (2,3)",2024-01-15,32454.0
"Grand Army Plaza (2,3)",2024-01-22,35251.0
"Grand Army Plaza (2,3)",2024-01-29,16021.0
"Grand Av-Newtown (M,R)",2024-01-01,66729.0
"Grand Av-Newtown (M,R)",2024-01-08,77098.0
"Grand Av-Newtown (M,R)",2024-01-15,71295.0
"Grand Av-Newtown (M,R)",2024-01-22,75423.0
"Grand Av-Newtown (M,R)",2024-01-29,39079.0
"Grand Central-42 St (S,4,5,6,7)",2024-01-01,522885.0
"Grand Central-42 St (S,4,5,6,7)",2024-01-08,597103.0
"Grand Central-42 St (S,4,5,6,7)",2024-01-15,545309.0
"Grand Central-42 St (S,4,5,6,7)",2024-01-22,615252.0
"Grand Central-42 St (S,4,5,6,7)",2024-01-29,333411.0
"Grand St (B,D)",2024-01-01,107894.0
"Grand St (B,D)",2024-01-08,110678.0
"Grand St (B,D)",2024-01-15,97312.0
"Grand St (B,D)",2024-01-22,107232.0
"Grand St (B,D)",2024-01-29,48445.0
Grand St (L),2024-01-01,23660.0
Grand St (L),2024-01-08,29612.0
Grand St (L),2024-01-15,27815.0
Grand St (L),2024-01-22,30357.0
Grand St (L),2024-01-29,14634.0
Grant Av (A),2024-01-01,20438.0
Grant Av (A),2024-01-08,23016.0
Grant Av (A),2024-01-15,20375.0
Grant Av (A),2024-01-22,22827.0
Grant Av (A),2024-01-29,11337.0
Greenpoint Av (G),2024-01-01,40945.0
Greenpoint Av (G),2024-01-08,48038.0
Greenpoint Av (G),2024-01-15,47457.0
Greenpoint Av (G),2024-01-22,50143.0
Greenpoint Av (G),2024-01-29,22513.0
"Gun Hill Rd (2,5)",2024-01-01,20119.0
"Gun Hill Rd (2,5)",2024-01-08,22451.0
"Gun Hill Rd (2,5)",2024-01-15,20174.0
"Gun Hill Rd (2,5)",2024-01-22,18052.0
"Gun Hill Rd (2,5)",2024-01-29,10922.0
Gun Hill Rd (5),2024-01-01,14533.0
Gun Hill Rd (5),2024-01-08,16487.0
Gun Hill Rd (5),2024-01-15,14388.0
Gun Hill Rd (5),2024-01-22,16898.0
Gun Hill Rd (5),2024-01-29,9106.0
Halsey St (J),2024-01-01,19628.0
Halsey St (J),2024-01-08,22433.0
Halsey St (J),2024-01-15,21579.0
Halsey St (J),2024-01-22,21941.0
Halsey St (J),2024-01-29,10999.0
Halsey St (L),2024-01-01,25827.0
Halsey St (L),2024-01-08,31065.0
Halsey St (L),2024-01-15,29686.0
Halsey St (L),2024-01-22,31879.0
Halsey St (L),2024-01-29,14893.0
Harlem-148 St (3),2024-01-01,7808.0
Harlem-148 St (3),2024-01-08,12397.0
Harlem-148 St (3),2024-01-15,11619.0
Harlem-148 St (3),2024-01-22,12621.0
Harlem-148 St (3),2024-01-29,6381.0
"Hewes St (M,J)",2024-01-01,9432.0
"Hewes St (M,J)",2024-01-08,10923.0
"Hewes St (M,J)",2024-01-15,10083.0
"Hewes St (M,J)",2024-01-22,11113.0
"Hewes St (M,J)",2024-01-29,5329.0
"High St (A,C)",2024-01-01,45148.0
"High St (A,C)",2024-01-08,40956.0
"High St (A,C)",2024-01-15,34661.0
"High St (A,C)",2024-01-22,39150.0
"High St (A,C)",2024-01-29,19304.0
Houston St (1),2024-01-01,36633.0
Houston St (1),2024-01-08,54472.0
Houston St (1),2024-01-15,47795.0
Houston St (1),2024-01-22,54748.0
Houston St (1),2024-01-29,29954.0
Howard Beach-JFK Airport (A),2024-01-01,12673.0
Howard Beach-JFK Airport (A),2024-01-08,12798.0
Howard Beach-JFK Airport (A),2024-01-15,12777.0
Howard Beach-JFK Airport (A),2024-01-22,11547.0
Howard Beach-JFK Airport (A),2024-01-29,5824.0
"Hoyt St (2,3)",2024-01-01,28853.0
"Hoyt St (2,3)",2024-01-08,34656.0
"Hoyt St (2,3)",2024-01-15,33447.0
"Hoyt St (2,3)",2024-01-22,36346.0
"Hoyt St (2,3)",2024-01-29,17102.0
"Hoyt-Schermerhorn Sts (A,C,G)",2024-01-01,49420.0
"Hoyt-Schermerhorn Sts (A,C,G)",2024-01-08,54716.0
"Hoyt-Schermerhorn Sts (A,C,G)",2024-01-15,52921.0
"Hoyt-Schermerhorn Sts (A,C,G)",2024-01-22,57706.0
"Hoyt-Schermerhorn Sts (A,C,G)",2024-01-29,26555.0
Hunters Point Av (7),2024-01-01,14820.0
Hunters Point Av (7),2024-01-08,18210.0
Hunters Point Av (7),2024-01-15,16580.0
Hunters Point Av (7),2024-01-22,19151.0
Hunters Point Av (7),2024-01-29,11893.0
Hunts Point Av (6),2024-01-01,33141.0
Hunts Point Av (6),2024-01-08,38039.0
Hunts Point Av (6),2024-01-15,33859.0
Hunts Point Av (6),2024-01-22,37061.0
Hunts Point Av (6),2024-01-29,18993.0
"Intervale Av (2,5)",2024-01-01,8394.0
"Intervale Av (2,5)",2024-01-08,9879.0
"Intervale Av (2,5)",2024-01-15,9181.0
"Intervale Av (2,5)",2024-01-22,9610.0
"Intervale Av (2,5)",2024-01-29,4839.0
Inwood-207 St (A),2024-01-01,33719.0
Inwood-207 St (A),2024-01-08,36087.0
Inwood-207 St (A),2024-01-15,32169.0
Inwood-207 St (A),2024-01-22,35564.0
Inwood-207 St (A),2024-01-29,17575.0
"Jackson Av (2,5)",2024-01-01,13746.0
"Jackson Av (2,5)",2024-01-08,16706.0
"Jackson Av (2,5)",2024-01-15,15582.0
"Jackson Av (2,5)",2024-01-22,16098.0
"Jackson Av (2,5)",2024-01-29,8881.0
"Jamaica Center-Parsons/Archer (E,J,Z)",2024-01-01,97863.0
"Jamaica Center-Parsons/Archer (E,J,Z)",2024-01-08,113763.0
"Jamaica Center-Parsons/Archer (E,J,Z)",2024-01-15,100516.0
"Jamaica Center-Parsons/Archer (E,J,Z)",2024-01-22,116094.0
"Jamaica Center-Parsons/Archer (E,J,Z)",2024-01-29,63736.0
Jamaica-179 St (F),2024-01-01,64734.0
Jamaica-179 St (F),2024-01-08,75173.0
Jamaica-179 St (F),2024-01-15,66983.0
Jamaica-179 St (F),2024-01-22,74965.0
Jamaica-179 St (F),2024-01-29,41230.0
Jamaica-Van Wyck (E),2024-01-01,16251.0
Jamaica-Van Wyck (E),2024-01-08,20710.0
Jamaica-Van Wyck (E),2024-01-15,19258.0
Jamaica-Van Wyck (E),2024-01-22,19250.0
Jamaica-Van Wyck (E),2024-01-29,10242.0
"Jay St-MetroTech (A,C,F,R)",2024-01-01,116850.0
"Jay St-MetroTech (A,C,F,R)",2024-01-08,138165.0
"Jay St-MetroTech (A,C,F,R)",2024-01-15,125371.0
"Jay St-MetroTech (A,C,F,R)",2024-01-22,158100.0
"Jay St-MetroTech (A,C,F,R)",2024-01-29,91851.0
Jefferson St (L),2024-01-01,34361.0
Jefferson St (L),2024-01-08,39183.0
Jefferson St (L),2024-01-15,36386.0
Jefferson St (L),2024-01-22,39637.0
Jefferson St (L),2024-01-29,16743.0
Junction Blvd (7),2024-01-01,105207.0
Junction Blvd (7),2024-01-08,117114.0
Junction Blvd (7),2024-01-15,108195.0
Junction Blvd (7),2024-01-22,115066.0
Junction Blvd (7),2024-01-29,56478.0
Junius St (3),2024-01-01,7834.0
Junius St (3),2024-01-08,9003.0
Junius St (3),2024-01-15,8178.0
Junius St (3),2024-01-22,8921.0
Junius St (3),2024-01-29,4601.0
"Kew Gardens-Union Tpke (E,F)",2024-01-01,75620.0
"Kew Gardens-Union Tpke (E,F)",2024-01-08,89299.0
"Kew Gardens-Union Tpke (E,F)",2024-01-15,81213.0
"Kew Gardens-Union Tpke (E,F)",2024-01-22,90194.0
"Kew Gardens-Union Tpke (E,F)",2024-01-29,48721.0
"Kings Hwy (B,Q)",2024-01-01,70725.0
"Kings Hwy (B,Q)",2024-01-08,79992.0
"Kings Hwy (B,Q)",2024-01-15,71224.0
"Kings Hwy (B,Q)",2024-01-22,75609.0
"Kings Hwy (B,Q)",2024-01-29,43551.0
Kings Hwy (F),2024-01-01,12805.0
Kings Hwy (F),2024-01-08,15248.0
Kings Hwy (F),2024-01-15,13797.0
Kings Hwy (F),2024-01-22,14579.0
Kings Hwy (F),2024-01-29,7727.0
Kings Hwy (N),2024-01-01,21785.0
Kings Hwy (N),2024-01-08,24346.0
Kings Hwy (N),2024-01-15,22442.0
Kings Hwy (N),2024-01-22,23785.0
Kings Hwy (N),2024-01-29,12071.0
Kingsbridge Rd (4),2024-01-01,27556.0
Kingsbridge Rd (4),2024-01-08,33832.0
Kingsbridge Rd (4),2024-01-15,30381.0
Kingsbridge Rd (4),2024-01-22,30155.0
Kingsbridge Rd (4),2024-01-29,16457.0
"Kingsbridge Rd (B,D)",2024-01-01,19271.0
"Kingsbridge Rd (B,D)",2024-01-08,19649.0
"Kingsbridge Rd (B,D)",2024-01-15,18060.0
"Kingsbridge Rd (B,D)",2024-01-22,22266.0
"Kingsbridge Rd (B,D)",2024-01-29,11734.0
Kingston Av (3),2024-01-01,17013.0
Kingston Av (3),2024-01-08,19050.0
Kingston Av (3),2024-01-15,18166.0
Kingston Av (3),2024-01-22,18658.0
Kingston Av (3),2024-01-29,9287.0
Kingston-Throop Avs (C),2024-01-01,22737.0
Kingston-Throop Avs (C),2024-01-08,27533.0
Kingston-Throop Avs (C),2024-01-15,26292.0
Kingston-Throop Avs (C),2024-01-22,28884.0
Kingston-Throop Avs (C),2024-01-29,14054.0
Knickerbocker Av (M),2024-01-01,13822.0
Knickerbocker Av (M),2024-01-08,16179.0
Knickerbocker Av (M),2024-01-15,15568.0
Knickerbocker Av (M),2024-01-22,16959.0
Knickerbocker Av (M),2024-01-29,8464.0
Kosciuszko St (J),2024-01-01,22239.0
Kosciuszko St (J),2024-01-08,23442.0
Kosciuszko St (J),2024-01-15,20937.0
Kosciuszko St (J),2024-01-22,20319.0
Kosciuszko St (J),2024-01-29,10822.0
Lafayette Av (C),2024-01-01,21739.0
Lafayette Av (C),2024-01-08,24729.0
Lafayette Av (C),2024-01-15,23307.0
Lafayette Av (C),2024-01-22,24446.0
Lafayette Av (C),2024-01-29,11433.0
"Lexington Av (N,R,W)/59 St (4,5,6)",2024-01-01,206491.0
"Lexington Av (N,R,W)/59 St (4,5,6)",2024-01-08,234042.0
"Lexington Av (N,R,W)/59 St (4,5,6)",2024-01-15,214063.0
"Lexington Av (N,R,W)/59 St (4,5,6)",2024-01-22,232414.0
"Lexington Av (N,R,W)/59 St (4,5,6)",2024-01-29,119329.0
"Lexington Av-53 St (E,M)/51 St (6)",2024-01-01,203741.0
"Lexington Av-53 St (E,M)/51 St (6)",2024-01-08,237317.0
"Lexington Av-53 St (E,M)/51 St (6)",2024-01-15,214879.0
"Lexington Av-53 St (E,M)/51 St (6)",2024-01-22,243390.0
"Lexington Av-53 St (E,M)/51 St (6)",2024-01-29,127079.0
"Lexington Av/63 St (F,Q)",2024-01-01,36629.0
"Lexington Av/63 St (F,Q)",2024-01-08,41825.0
"Lexington Av/63 St (F,Q)",2024-01-15,40681.0
"Lexington Av/63 St (F,Q)",2024-01-22,42963.0
"Lexington Av/63 St (F,Q)",2024-01-29,22449.0
Liberty Av (C),2024-01-01,8335.0
Liberty Av (C),2024-01-08,9616.0
Liberty Av (C),2024-01-15,8617.0
Liberty Av (C),2024-01-22,9395.0
Liberty Av (C),2024-01-29,5058.0
Livonia Av (L),2024-01-01,10052.0
Livonia Av (L),2024-01-08,11655.0
Livonia Av (L),2024-01-15,9842.0
Livonia Av (L),2024-01-22,11353.0
Livonia Av (L),2024-01-29,5086.0
Longwood Av (6),2024-01-01,10641.0
Longwood Av (6),2024-01-08,12560.0
Longwood Av (6),2024-01-15,10608.0
Longwood Av (6),2024-01-22,12604.0
Longwood Av (6),2024-01-29,6622.0
Lorimer St (L)/Metropolitan Av (G),2024-01-01,65633.0
Lorimer St (L)/Metropolitan Av (G),2024-01-08,74551.0
Lorimer St (L)/Metropolitan Av (G),2024-01-15,72224.0
Lorimer St (L)/Metropolitan Av (G),2024-01-22,77070.0
Lorimer St (L)/Metropolitan Av (G),2024-01-29,32786.0
"Lorimer St (M,J)",2024-01-01,14688.0
"Lorimer St (M,J)",2024-01-08,16198.0
"Lorimer St (M,J)",2024-01-15,15138.0
"Lorimer St (M,J)",2024-01-22,16944.0
"Lorimer St (M,J)",2024-01-29,8377.0
Marble Hill-225 St (1),2024-01-01,14904.0
Marble Hill-225 St (1),2024-01-08,19066.0
Marble Hill-225 St (1),2024-01-15,17500.0
Marble Hill-225 St (1),2024-01-22,19284.0
Marble Hill-225 St (1),2024-01-29,9643.0
"Marcy Av (M,J,Z)",2024-01-01,45947.0
"Marcy Av (M,J,Z)",2024-01-08,50864.0
"Marcy Av (M,J,Z)",2024-01-15,46733.0
"Marcy Av (M,J,Z)",2024-01-22,53390.0
"Marcy Av (M,J,Z)",2024-01-29,26446.0
Mets-Willets Point (7),2024-01-01,10336.0
Mets-Willets Point (7),2024-01-08,11051.0
Mets-Willets Point (7),2024-01-15,10042.0
Mets-Willets Point (7),2024-01-22,11352.0
Mets-Willets Point (7),2024-01-29,5805.0
Middle Village-Metropolitan Av (M),2024-01-01,14065.0
Middle Village-Metropolitan Av (M),2024-01-08,17338.0
Middle Village-Metropolitan Av (M),2024-01-15,15423.0
Middle Village-Metropolitan Av (M),2024-01-22,16715.0
Middle Village-Metropolitan Av (M),2024-01-29,9315.0
Middletown Rd (6),2024-01-01,7254.0
Middletown Rd (6),2024-01-08,8338.0
Middletown Rd (6),2024-01-15,7356.0
Middletown Rd (6),2024-01-22,8195.0
Middletown Rd (6),2024-01-29,4518.0
Montrose Av (L),2024-01-01,28634.0
Montrose Av (L),2024-01-08,33196.0
Montrose Av (L),2024-01-15,31539.0
Montrose Av (L),2024-01-22,33918.0
Montrose Av (L),2024-01-29,14811.0
Morgan Av (L),2024-01-01,30261.0
Morgan Av (L),2024-01-08,34971.0
Morgan Av (L),2024-01-15,31826.0
Morgan Av (L),2024-01-22,34565.0
Morgan Av (L),2024-01-29,15378.0
Morris Park (5),2024-01-01,8656.0
Morris Park (5),2024-01-08,10521.0
Morris Park (5),2024-01-15,9255.0
Morris Park (5),2024-01-22,10883.0
Morris Park (5),2024-01-29,5821.0
Morrison Av-Soundview (6),2024-01-01,18516.0
Morrison Av-Soundview (6),2024-01-08,21345.0
Morrison Av-Soundview (6),2024-01-15,19103.0
Morrison Av-Soundview (6),2024-01-22,19870.0
Morrison Av-Soundview (6),2024-01-29,9709.0
Mosholu Pkwy (4),2024-01-01,24575.0
Mosholu Pkwy (4),2024-01-08,31254.0
Mosholu Pkwy (4),2024-01-15,27739.0
Mosholu Pkwy (4),2024-01-22,28077.0
Mosholu Pkwy (4),2024-01-29,14609.0
Mt Eden Av (4),2024-01-01,15488.0
Mt Eden Av (4),2024-01-08,18542.0
Mt Eden Av (4),2024-01-15,16566.0
Mt Eden Av (4),2024-01-22,17064.0
Mt Eden Av (4),2024-01-29,8490.0
"Myrtle Av (M,J,Z)",2024-01-01,43195.0
"Myrtle Av (M,J,Z)",2024-01-08,50924.0
"Myrtle Av (M,J,Z)",2024-01-15,47115.0
"Myrtle Av (M,J,Z)",2024-01-22,54708.0
"Myrtle Av (M,J,Z)",2024-01-29,25488.0
Myrtle-Willoughby Avs (G),2024-01-01,19568.0
Myrtle-Willoughby Avs (G),2024-01-08,22928.0
Myrtle-Willoughby Avs (G),2024-01-15,22097.0
Myrtle-Willoughby Avs (G),2024-01-22,23887.0
Myrtle-Willoughby Avs (G),2024-01-29,11168.0
"Myrtle-Wyckoff Avs (L,M)",2024-01-01,82369.0
"Myrtle-Wyckoff Avs (L,M)",2024-01-08,94502.0
"Myrtle-Wyckoff Avs (L,M)",2024-01-15,88071.0
"Myrtle-Wyckoff Avs (L,M)",2024-01-22,97474.0
"Myrtle-Wyckoff Avs (L,M)",2024-01-29,45889.0
Nassau Av (G),2024-01-01,38383.0
Nassau Av (G),2024-01-08,43761.0
Nassau Av (G),2024-01-15,43279.0
Nassau Av (G),2024-01-22,45836.0
Nassau Av (G),2024-01-29,20259.0
Neck Rd (Q),2024-01-01,16588.0
Neck Rd (Q),2024-01-08,18392.0
Neck Rd (Q),2024-01-15,16428.0
Neck Rd (Q),2024-01-22,17600.0
Neck Rd (Q),2024-01-29,9721.0
Neptune Av (F),2024-01-01,5780.0
Neptune Av (F),2024-01-08,6132.0
Neptune Av (F),2024-01-15,6628.0
Neptune Av (F),2024-01-22,6606.0
Neptune Av (F),2024-01-29,3562.0
"Nereid Av (2,5)",2024-01-01,8732.0
"Nereid Av (2,5)",2024-01-08,10690.0
"Nereid Av (2,5)",2024-01-15,9050.0
"Nereid Av (2,5)",2024-01-22,8928.0
"Nereid Av (2,5)",2024-01-29,5285.0
"Nevins St (2,3,4,5)",2024-01-01,37194.0
"Nevins St (2,3,4,5)",2024-01-08,43119.0
"Nevins St (2,3,4,5)",2024-01-15,37958.0
"Nevins St (2,3,4,5)",2024-01-22,43608.0
"Nevins St (2,3,4,5)",2024-01-29,22512.0
New Lots Av (3),2024-01-01,18457.0
New Lots Av (3),2024-01-08,20632.0
New Lots Av (3),2024-01-15,17947.0
New Lots Av (3),2024-01-22,19918.0
New Lots Av (3),2024-01-29,10014.0
New Lots Av (L),2024-01-01,11684.0
New Lots Av (L),2024-01-08,13456.0
New Lots Av (L),2024-01-15,12287.0
New Lots Av (L),2024-01-22,13768.0
New Lots Av (L),2024-01-29,6936.0
New Utrecht Av (N)/62 St (D),2024-01-01,19798.0
New Utrecht Av (N)/62 St (D),2024-01-08,22238.0
New Utrecht Av (N)/62 St (D),2024-01-15,20373.0
New Utrecht Av (N)/62 St (D),2024-01-22,22386.0
New Utrecht Av (N)/62 St (D),2024-01-29,11120.0
"Newkirk Av-Little Haiti (2,5)",2024-01-01,22315.0
"Newkirk Av-Little Haiti (2,5)",2024-01-08,27294.0
"Newkirk Av-Little Haiti (2,5)",2024-01-15,24409.0
"Newkirk Av-Little Haiti (2,5)",2024-01-22,25830.0
"Newkirk Av-Little Haiti (2,5)",2024-01-29,13889.0
"Newkirk Plaza (B,Q)",2024-01-01,36726.0
"Newkirk Plaza (B,Q)",2024-01-08,40304.0
"Newkirk Plaza (B,Q)",2024-01-15,35175.0
"Newkirk Plaza (B,Q)",2024-01-22,38967.0
"Newkirk Plaza (B,Q)",2024-01-29,21519.0
"Northern Blvd (M,R)",2024-01-01,24693.0
"Northern Blvd (M,R)",2024-01-08,29215.0
"Northern Blvd (M,R)",2024-01-15,26662.0
"Northern Blvd (M,R)",2024-01-22,29265.0
"Northern Blvd (M,R)",2024-01-29,14687.0
"Norwood Av (J,Z)",2024-01-01,7312.0
"Norwood Av (J,Z)",2024-01-08,8451.0
"Norwood Av (J,Z)",2024-01-15,7224.0
"Norwood Av (J,Z)",2024-01-22,8564.0
"Norwood Av (J,Z)",2024-01-29,4385.0
Norwood-205 St (D),2024-01-01,21667.0
Norwood-205 St (D),2024-01-08,21548.0
Norwood-205 St (D),2024-01-15,19209.0
Norwood-205 St (D),2024-01-22,25346.0
Norwood-205 St (D),2024-01-29,13071.0
Nostrand Av (3),2024-01-01,13148.0
Nostrand Av (3),2024-01-08,15507.0
Nostrand Av (3),2024-01-15,14568.0
Nostrand Av (3),2024-01-22,15381.0
Nostrand Av (3),2024-01-29,7570.0
"Nostrand Av (A,C)",2024-01-01,60727.0
"Nostrand Av (A,C)",2024-01-08,71774.0
"Nostrand Av (A,C)",2024-01-15,66526.0
"Nostrand Av (A,C)",2024-01-22,74989.0
"Nostrand Av (A,C)",2024-01-29,36621.0
Ocean Pkwy (Q),2024-01-01,11275.0
Ocean Pkwy (Q),2024-01-08,12820.0
Ocean Pkwy (Q),2024-01-15,11610.0
Ocean Pkwy (Q),2024-01-22,12143.0
Ocean Pkwy (Q),2024-01-29,6439.0
Ozone Park-Lefferts Blvd (A),2024-01-01,21412.0
Ozone Park-Lefferts Blvd (A),2024-01-08,25724.0
Ozone Park-Lefferts Blvd (A),2024-01-15,22318.0
Ozone Park-Lefferts Blvd (A),2024-01-22,25622.0
Ozone Park-Lefferts Blvd (A),2024-01-29,13744.0
Park Pl (S),2024-01-01,5989.0
Park Pl (S),2024-01-08,7067.0
Park Pl (S),2024-01-15,6938.0
Park Pl (S),2024-01-22,7062.0
Park Pl (S),2024-01-29,3418.0
Parkchester (6),2024-01-01,52316.0
Parkchester (6),2024-01-08,60101.0
Parkchester (6),2024-01-15,52298.0
Parkchester (6),2024-01-22,57466.0
Parkchester (6),2024-01-29,29063.0
Parkside Av (Q),2024-01-01,22021.0
Parkside Av (Q),2024-01-08,22338.0
Parkside Av (Q),2024-01-15,19533.0
Parkside Av (Q),2024-01-22,20909.0
Parkside Av (Q),2024-01-29,11595.0
Parsons Blvd (F),2024-01-01,24724.0
Parsons Blvd (F),2024-01-08,28776.0
Parsons Blvd (F),2024-01-15,25565.0
Parsons Blvd (F),2024-01-22,27223.0
Parsons Blvd (F),2024-01-29,14259.0
Pelham Bay Park (6),2024-01-01,19768.0
Pelham Bay Park (6),2024-01-08,22700.0
Pelham Bay Park (6),2024-01-15,19742.0
Pelham Bay Park (6),2024-01-22,22292.0
Pelham Bay Park (6),2024-01-29,11508.0
"Pelham Pkwy (2,5)",2024-01-01,28982.0
"Pelham Pkwy (2,5)",2024-01-08,32014.0
"Pelham Pkwy (2,5)",2024-01-15,28879.0
"Pelham Pkwy (2,5)",2024-01-22,27563.0
"Pelham Pkwy (2,5)",2024-01-29,15212.0
Pelham Pkwy (5),2024-01-01,9080.0
Pelham Pkwy (5),2024-01-08,11190.0
Pelham Pkwy (5),2024-01-15,9603.0
Pelham Pkwy (5),2024-01-22,11288.0
Pelham Pkwy (5),2024-01-29,6283.0
Pennsylvania Av (3),2024-01-01,13460.0
Pennsylvania Av (3),2024-01-08,15688.0
Pennsylvania Av (3),2024-01-15,13555.0
Pennsylvania Av (3),2024-01-22,15297.0
Pennsylvania Av (3),2024-01-29,7844.0
"President St-Medgar Evers College (2,5)",2024-01-01,12174.0
"President St-Medgar Evers College (2,5)",2024-01-08,14774.0
"President St-Medgar Evers College (2,5)",2024-01-15,13598.0
"President St-Medgar Evers College (2,5)",2024-01-22,14440.0
"President St-Medgar Evers College (2,5)",2024-01-29,7469.0
"Prince St (R,W)",2024-01-01,58424.0
"Prince St (R,W)",2024-01-08,56810.0
"Prince St (R,W)",2024-01-15,54768.0
"Prince St (R,W)",2024-01-22,55245.0
"Prince St (R,W)",2024-01-29,22149.0
"Prospect Av (2,5)",2024-01-01,19252.0
"Prospect Av (2,5)",2024-01-08,23157.0
"Prospect Av (2,5)",2024-01-15,21590.0
"Prospect Av (2,5)",2024-01-22,22115.0
"Prospect Av (2,5)",2024-01-29,12386.0
Prospect Av (R),2024-01-01,21057.0
Prospect Av (R),2024-01-08,25760.0
Prospect Av (R),2024-01-15,24258.0
Prospect Av (R),2024-01-22,26509.0
Prospect Av (R),2024-01-29,13378.0
"Prospect Park (B,Q,S)",2024-01-01,34880.0
"Prospect Park (B,Q,S)",2024-01-08,36734.0
"Prospect Park (B,Q,S)",2024-01-15,33459.0
"Prospect Park (B,Q,S)",2024-01-22,36094.0
"Prospect Park (B,Q,S)",2024-01-29,19067.0
"Queens Plaza (E,M,R)",2024-01-01,90369.0
"Queens Plaza (E,M,R)",2024-01-08,90445.0
"Queens Plaza (E,M,R)",2024-01-15,95479.0
"Queens Plaza (E,M,R)",2024-01-22,109671.0
"Queens Plaza (E,M,R)",2024-01-29,44532.0
"Queensboro Plaza (7,N,W)",2024-01-01,47692.0
"Queensboro Plaza (7,N,W)",2024-01-08,54568.0
"Queensboro Plaza (7,N,W)",2024-01-15,47798.0
"Queensboro Plaza (7,N,W)",2024-01-22,52330.0
"Queensboro Plaza (7,N,W)",2024-01-29,32180.0
RI Tramway (Manhattan),2024-01-01,37661.0
RI Tramway (Manhattan),2024-01-08,29018.0
RI Tramway (Manhattan),2024-01-15,24561.0
RI Tramway (Manhattan),2024-01-22,27113.0
RI Tramway (Manhattan),2024-01-29,12141.0
RI Tramway (Roosevelt),2024-01-01,34592.0
RI Tramway (Roosevelt),2024-01-08,27666.0
RI Tramway (Roosevelt),2024-01-15,23005.0
RI Tramway (Roosevelt),2024-01-22,25304.0
RI Tramway (Roosevelt),2024-01-29,11184.0
Ralph Av (C),2024-01-01,17831.0
Ralph Av (C),2024-01-08,19949.0
Ralph Av (C),2024-01-15,18541.0
Ralph Av (C),2024-01-22,20705.0
Ralph Av (C),2024-01-29,9838.0
Rector St (1),2024-01-01,23764.0
Rector St (1),2024-01-08,27296.0
Rector St (1),2024-01-15,25165.0
Rector St (1),2024-01-22,23568.0
Rector St (1),2024-01-29,14163.0
"Rector St (R,W)",2024-01-01,20022.0
"Rector St (R,W)",2024-01-08,22270.0
"Rector St (R,W)",2024-01-15,19614.0
"Rector St (R,W)",2024-01-22,25768.0
"Rector St (R,W)",2024-01-29,11248.0
Rockaway Av (3),2024-01-01,13558.0
Rockaway Av (3),2024-01-08,15645.0
Rockaway Av (3),2024-01-15,14374.0
Rockaway Av (3),2024-01-22,15547.0
Rockaway Av (3),2024-01-29,7853.0
Rockaway Av (C),2024-01-01,17374.0
Rockaway Av (C),2024-01-08,20728.0
Rockaway Av (C),2024-01-15,18768.0
Rockaway Av (C),2024-01-22,20227.0
Rockaway Av (C),2024-01-29,10715.0
Rockaway Blvd (A),2024-01-01,24601.0
Rockaway Blvd (A),2024-01-08,29507.0
Rockaway Blvd (A),2024-01-15,26414.0
Rockaway Blvd (A),2024-01-22,28915.0
Rockaway Blvd (A),2024-01-29,15699.0
"Rockaway Park-Beach 116 St (A,S)",2024-01-01,2515.0
"Rockaway Park-Beach 116 St (A,S)",2024-01-08,2818.0
"Rockaway Park-Beach 116 St (A,S)",2024-01-15,2621.0
"Rockaway Park-Beach 116 St (A,S)",2024-01-22,2772.0
"Rockaway Park-Beach 116 St (A,S)",2024-01-29,1367.0
Roosevelt Island (F),2024-01-01,16367.0
Roosevelt Island (F),2024-01-08,19335.0
Roosevelt Island (F),2024-01-15,18834.0
Roosevelt Island (F),2024-01-22,20556.0
Roosevelt Island (F),2024-01-29,9900.0
Saratoga Av (3),2024-01-01,14868.0
Saratoga Av (3),2024-01-08,17526.0
Saratoga Av (3),2024-01-15,15493.0
Saratoga Av (3),2024-01-22,17330.0
Saratoga Av (3),2024-01-29,8913.0
Seneca Av (M),2024-01-01,10137.0
Seneca Av (M),2024-01-08,12152.0
Seneca Av (M),2024-01-15,11806.0
Seneca Av (M),2024-01-22,12505.0
Seneca Av (M),2024-01-29,6174.0
"Sheepshead Bay (B,Q)",2024-01-01,46316.0
"Sheepshead Bay (B,Q)",2024-01-08,53290.0
"Sheepshead Bay (B,Q)",2024-01-15,48001.0
"Sheepshead Bay (B,Q)",2024-01-22,51945.0
"Sheepshead Bay (B,Q)",2024-01-29,29134.0
Shepherd Av (C),2024-01-01,8876.0
Shepherd Av (C),2024-01-08,10336.0
Shepherd Av (C),2024-01-15,9391.0
Shepherd Av (C),2024-01-22,10134.0
Shepherd Av (C),2024-01-29,5118.0
"Simpson St (2,5)",2024-01-01,20713.0
"Simpson St (2,5)",2024-01-08,25286.0
"Simpson St (2,5)",2024-01-15,22102.0
"Simpson St (2,5)",2024-01-22,23458.0
"Simpson St (2,5)",2024-01-29,12683.0
"Smith-9 Sts (F,G)",2024-01-01,15689.0
"Smith-9 Sts (F,G)",2024-01-08,18461.0
"Smith-9 Sts (F,G)",2024-01-15,17511.0
"Smith-9 Sts (F,G)",2024-01-22,19401.0
"Smith-9 Sts (F,G)",2024-01-29,9305.0
"South Ferry (1)/Whitehall St (R,W)",2024-01-01,106406.0
"South Ferry (1)/Whitehall St (R,W)",2024-01-08,101861.0
"South Ferry (1)/Whitehall St (R,W)",2024-01-15,85985.0
"South Ferry (1)/Whitehall St (R,W)",2024-01-22,95822.0
"South Ferry (1)/Whitehall St (R,W)",2024-01-29,51646.0
Spring St (6),2024-01-01,52615.0
Spring St (6),2024-01-08,53591.0
Spring St (6),2024-01-15,50325.0
Spring St (6),2024-01-22,53866.0
Spring St (6),2024-01-29,21497.0
"Spring St (C,E)",2024-01-01,56621.0
"Spring St (C,E)",2024-01-08,62191.0
"Spring St (C,E)",2024-01-15,59117.0
"Spring St (C,E)",2024-01-22,62441.0
"Spring St (C,E)",2024-01-29,29111.0
St George (SIR),2024-01-01,32676.0
St George (SIR),2024-01-08,37766.0
St George (SIR),2024-01-15,30268.0
St George (SIR),2024-01-22,36314.0
St George (SIR),2024-01-29,21604.0
St Lawrence Av (6),2024-01-01,13490.0
St Lawrence Av (6),2024-01-08,14526.0
St Lawrence Av (6),2024-01-15,12900.0
St Lawrence Av (6),2024-01-22,14149.0
St Lawrence Av (6),2024-01-29,6906.0
"Steinway St (M,R)",2024-01-01,50618.0
"Steinway St (M,R)",2024-01-08,59871.0
"Steinway St (M,R)",2024-01-15,55990.0
"Steinway St (M,R)",2024-01-22,61362.0
"Steinway St (M,R)",2024-01-29,24384.0
"Sterling St (2,5)",2024-01-01,19636.0
"Sterling St (2,5)",2024-01-08,24135.0
"Sterling St (2,5)",2024-01-15,22681.0
"Sterling St (2,5)",2024-01-22,24261.0
"Sterling St (2,5)",2024-01-29,11938.0
Sutphin Blvd (F),2024-01-01,14818.0
Sutphin Blvd (F),2024-01-08,17111.0
Sutphin Blvd (F),2024-01-15,15142.0
Sutphin Blvd (F),2024-01-22,16640.0
Sutphin Blvd (F),2024-01-29,8583.0
"Sutphin Blvd-Archer Av-JFK Airport (E,J,Z)",2024-01-01,107331.0
"Sutphin Blvd-Archer Av-JFK Airport (E,J,Z)",2024-01-08,117113.0
"Sutphin Blvd-Archer Av-JFK Airport (E,J,Z)",2024-01-15,108581.0
"Sutphin Blvd-Archer Av-JFK Airport (E,J,Z)",2024-01-22,118324.0
"Sutphin Blvd-Archer Av-JFK Airport (E,J,Z)",2024-01-29,57194.0
Sutter Av (L),2024-01-01,7643.0
Sutter Av (L),2024-01-08,8434.0
Sutter Av (L),2024-01-15,7536.0
Sutter Av (L),2024-01-22,8122.0
Sutter Av (L),2024-01-29,4352.0
Sutter Av-Rutland Rd (3),2024-01-01,19375.0
Sutter Av-Rutland Rd (3),2024-01-08,23677.0
Sutter Av-Rutland Rd (3),2024-01-15,20651.0
Sutter Av-Rutland Rd (3),2024-01-22,23145.0
Sutter Av-Rutland Rd (3),2024-01-29,12041.0
"Times Sq-42 St (N,Q,R,W,S,1,2,3,7)/42 St (A,C,E)",2024-01-01,750430.0
"Times Sq-42 St (N,Q,R,W,S,1,2,3,7)/42 St (A,C,E)",2024-01-08,773736.0
"Times Sq-42 St (N,Q,R,W,S,1,2,3,7)/42 St (A,C,E)",2024-01-15,723961.0
"Times Sq-42 St (N,Q,R,W,S,1,2,3,7)/42 St (A,C,E)",2024-01-22,815699.0
"Times Sq-42 St (N,Q,R,W,S,1,2,3,7)/42 St (A,C,E)",2024-01-29,394206.0
Tompkinsville (SIR),2024-01-01,2460.0
Tompkinsville (SIR),2024-01-08,2663.0
Tompkinsville (SIR),2024-01-15,2273.0
Tompkinsville (SIR),2024-01-22,2523.0
Tompkinsville (SIR),2024-01-29,1457.0
"Tremont Av (B,D)",2024-01-01,19994.0
"Tremont Av (B,D)",2024-01-08,20612.0
"Tremont Av (B,D)",2024-01-15,18232.0
"Tremont Av (B,D)",2024-01-22,22906.0
"Tremont Av (B,D)",2024-01-29,11922.0
Union St (R),2024-01-01,28141.0
Union St (R),2024-01-08,34760.0
Union St (R),2024-01-15,33718.0
Union St (R),2024-01-22,35740.0
Union St (R),2024-01-29,16350.0
"Utica Av (A,C)",2024-01-01,45253.0
"Utica Av (A,C)",2024-01-08,52704.0
"Utica Av (A,C)",2024-01-15,48039.0
"Utica Av (A,C)",2024-01-22,52944.0
"Utica Av (A,C)",2024-01-29,25796.0
Van Cortlandt Park-242 St (1),2024-01-01,20650.0
Van Cortlandt Park-242 St (1),2024-01-08,25177.0
Van Cortlandt Park-242 St (1),2024-01-15,24324.0
Van Cortlandt Park-242 St (1),2024-01-22,27406.0
Van Cortlandt Park-242 St (1),2024-01-29,14688.0
Van Siclen Av (3),2024-01-01,7586.0
Van Siclen Av (3),2024-01-08,9411.0
Van Siclen Av (3),2024-01-15,7999.0
Van Siclen Av (3),2024-01-22,8954.0
Van Siclen Av (3),2024-01-29,4859.0
Van Siclen Av (C),2024-01-01,8942.0
Van Siclen Av (C),2024-01-08,10420.0
Van Siclen Av (C),2024-01-15,9286.0
Van Siclen Av (C),2024-01-22,10139.0
Van Siclen Av (C),2024-01-29,5199.0
"Van Siclen Av (J,Z)",2024-01-01,8228.0
"Van Siclen Av (J,Z)",2024-01-08,9293.0
"Van Siclen Av (J,Z)",2024-01-15,8228.0
"Van Siclen Av (J,Z)",2024-01-22,9411.0
"Van Siclen Av (J,Z)",2024-01-29,4856.0
Vernon Blvd-Jackson Av (7),2024-01-01,49857.0
Vernon Blvd-Jackson Av (7),2024-01-08,57405.0
Vernon Blvd-Jackson Av (7),2024-01-15,53112.0
Vernon Blvd-Jackson Av (7),2024-01-22,59370.0
Vernon Blvd-Jackson Av (7),2024-01-29,36433.0
"W 4 St-Wash Sq (A,C,E,B,D,F,M)",2024-01-01,168877.0
"W 4 St-Wash Sq (A,C,E,B,D,F,M)",2024-01-08,178221.0
"W 4 St-Wash Sq (A,C,E,B,D,F,M)",2024-01-15,170498.0
"W 4 St-Wash Sq (A,C,E,B,D,F,M)",2024-01-22,200208.0
"W 4 St-Wash Sq (A,C,E,B,D,F,M)",2024-01-29,87390.0
"W 8 St-NY Aquarium (F,Q)",2024-01-01,9104.0
"W 8 St-NY Aquarium (F,Q)",2024-01-08,9483.0
"W 8 St-NY Aquarium (F,Q)",2024-01-15,7949.0
"W 8 St-NY Aquarium (F,Q)",2024-01-22,8697.0
"W 8 St-NY Aquarium (F,Q)",2024-01-29,4558.0
WTC Cortlandt (1),2024-01-01,70263.0
WTC Cortlandt (1),2024-01-08,68855.0
WTC Cortlandt (1),2024-01-15,64316.0
WTC Cortlandt (1),2024-01-22,57513.0
WTC Cortlandt (1),2024-01-29,34361.0
Wakefield-241 St (2),2024-01-01,14184.0
Wakefield-241 St (2),2024-01-08,16236.0
Wakefield-241 St (2),2024-01-15,15147.0
Wakefield-241 St (2),2024-01-22,13588.0
Wakefield-241 St (2),2024-01-29,8311.0
"Wall St (2,3)",2024-01-01,52558.0
"Wall St (2,3)",2024-01-08,70767.0
"Wall St (2,3)",2024-01-15,63892.0
"Wall St (2,3)",2024-01-22,75876.0
"Wall St (2,3)",2024-01-29,38850.0
"Wall St (4,5)",2024-01-01,57998.0
"Wall St (4,5)",2024-01-08,64426.0
"Wall St (4,5)",2024-01-15,56607.0
"Wall St (4,5)",2024-01-22,63207.0
"Wall St (4,5)",2024-01-29,36060.0
"West Farms Sq-E Tremont Av (2,5)",2024-01-01,14357.0
"West Farms Sq-E Tremont Av (2,5)",2024-01-08,17610.0
"West Farms Sq-E Tremont Av (2,5)",2024-01-15,15233.0
"West Farms Sq-E Tremont Av (2,5)",2024-01-22,16785.0
"West Farms Sq-E Tremont Av (2,5)",2024-01-29,8323.0
Westchester Sq-E Tremont Av (6),2024-01-01,11390.0
Westchester Sq-E Tremont Av (6),2024-01-08,14020.0
Westchester Sq-E Tremont Av (6),2024-01-15,11492.0
Westchester Sq-E Tremont Av (6),2024-01-22,12614.0
Westchester Sq-E Tremont Av (6),2024-01-29,6737.0
Whitlock Av (6),2024-01-01,6160.0
Whitlock Av (6),2024-01-08,7072.0
Whitlock Av (6),2024-01-15,6037.0
Whitlock Av (6),2024-01-22,6665.0
Whitlock Av (6),2024-01-29,3431.0
Wilson Av (L),2024-01-01,15522.0
Wilson Av (L),2024-01-08,17133.0
Wilson Av (L),2024-01-15,16752.0
Wilson Av (L),2024-01-22,18888.0
Wilson Av (L),2024-01-29,8647.0
"Winthrop St (2,5)",2024-01-01,25525.0
"Winthrop St (2,5)",2024-01-08,32672.0
"Winthrop St (2,5)",2024-01-15,30232.0
"Winthrop St (2,5)",2024-01-22,33694.0
"Winthrop St (2,5)",2024-01-29,16979.0
"Woodhaven Blvd (J,Z)",2024-01-01,6383.0
"Woodhaven Blvd (J,Z)",2024-01-08,5454.0
"Woodhaven Blvd (J,Z)",2024-01-15,4644.0
"Woodhaven Blvd (J,Z)",2024-01-22,5836.0
"Woodhaven Blvd (J,Z)",2024-01-29,2826.0
"Woodhaven Blvd (M,R)",2024-01-01,69429.0
"Woodhaven Blvd (M,R)",2024-01-08,78233.0
"Woodhaven Blvd (M,R)",2024-01-15,70628.0
"Woodhaven Blvd (M,R)",2024-01-22,75128.0
"Woodhaven Blvd (M,R)",2024-01-29,37799.0
Woodlawn (4),2024-01-01,21448.0
Woodlawn (4),2024-01-08,24553.0
Woodlawn (4),2024-01-15,21730.0
Woodlawn (4),2024-01-22,24899.0
Woodlawn (4),2024-01-29,12932.0
York St (F),2024-01-01,59921.0
York St (F),2024-01-08,57992.0
York St (F),2024-01-15,54426.0
York St (F),2024-01-22,57267.0
York St (F),2024-01-29,27391.0
Zerega Av (6),2024-01-01,8586.0
Zerega Av (6),2024-01-08,9899.0
Zerega Av (6),2024-01-15,8614.0
Zerega Av (6),2024-01-22,9635.0
Zerega Av (6),2024-01-29,5104.0
